Users_Email,Users_Password,Student_Code,Student_FirstName,Student_LastName,Student_Birthdate,Student_Religion,Student_MedicalProblem,Faculty_Name,Department_Name,Teacher_Code,Student_AcademicYear
surechs.phu@rmutto.ac.th,Cs12345678,979650324165-7,สุรเชษฐ์,ภูมิพล,19-02-2548,พุทธ,,บริหารธุรกิจและเทคโนโลยีสารสนเทศ,การจัดการ,404349442443-2,2567
suriyratn.phr@rmutto.ac.th,Cs12345678,560614849493-6,สุรีย์รัตน์,พรเทพ,1/10/2544,คริสต์,ปัญหาการมองเห็น,บริหารธุรกิจและเทคโนโลยีสารสนเทศ,การจัดการ,720431526768-4,2565
thnakr.sit@rmutto.ac.th,Cs12345678,280180727274-8,ธนากร,สิทธิชัย,28-09-2549,คริสต์,,บริหารธุรกิจและเทคโนโลยีสารสนเทศ,การจัดการ,720431526768-4,2567
piyachay.sir@rmutto.ac.th,Cs12345678,570658697546-0,ปิยะชัย,สิริวัฒน์,10/1/2548,ไม่ระบุ,,บริหารธุรกิจและเทคโนโลยีสารสนเทศ,การจัดการ,404349442443-2,2565
oayphachr.wrc@rmutto.ac.th,Cs12345678,160647744019-5,อัญพัชร,วรชาติ,21-04-2548,ไม่ระบุ,ภูมิแพ้,บริหารธุรกิจและเทคโนโลยีสารสนเทศ,การจัดการ,582426227270-1,2566
phakhphumi.wrw@rmutto.ac.th,Cs12345678,734638359048-6,ภาคภูมิ,วรวิทย์,17-11-2546,ไม่ระบุ,โรคหอบหืด,บริหารธุรกิจและเทคโนโลยีสารสนเทศ,การจัดการ,804940151771-8,2566
ophichnanth.swa@rmutto.ac.th,Cs12345678,477882692253-0,อภิชนันท์,สวัสดิ์สุข,3/6/2546,ไม่ระบุ,,บริหารธุรกิจและเทคโนโลยีสารสนเทศ,การจัดการ,720431526768-4,2566
prems.phn@rmutto.ac.th,Cs12345678,326272233252-7,ปรเมศ,พงศกร,19-04-2545,คริสต์,ภูมิแพ้,บริหารธุรกิจและเทคโนโลยีสารสนเทศ,การจัดการ,582426227270-1,2566
phumiwan.kit@rmutto.ac.th,Cs12345678,844659262218-3,ภูมิวัฒน์,กิตติศักดิ์,23-04-2547,อิสลาม,โรคหอบหืด,บริหารธุรกิจและเทคโนโลยีสารสนเทศ,การจัดการ,582426227270-1,2567
ophiyya.pha@rmutto.ac.th,Cs12345678,693476344142-6,อภิญญา,ภานุพงษ์,10/1/2549,ไม่ระบุ,โรคหัวใจ,บริหารธุรกิจและเทคโนโลยีสารสนเทศ,การจัดการ,404349442443-2,2566
suphchay.pha@rmutto.ac.th,Cs12345678,704320395399-0,ศุภชัย,ภานุพงษ์,22-09-2549,อิสลาม,ความดันโลหิตสูง,บริหารธุรกิจและเทคโนโลยีสารสนเทศ,การจัดการ,804940151771-8,2565
oaymi.ois@rmutto.ac.th,Cs12345678,514224148465-4,อัญมณี,อิศรา,19-04-2543,คริสต์,,บริหารธุรกิจและเทคโนโลยีสารสนเทศ,การจัดการ,720431526768-4,2567
wilasini.phu@rmutto.ac.th,Cs12345678,312935382283-9,วิลาสินี,ภูมิพงษ์,25-09-2547,ไม่ระบุ,ภูมิแพ้,บริหารธุรกิจและเทคโนโลยีสารสนเทศ,การจัดการ,523221489653-2,2567
oariratn.jak@rmutto.ac.th,Cs12345678,767987238971-6,อารีรัตน์,จักรินทร์,8/7/2545,พุทธ,โรคเบาหวาน,บริหารธุรกิจและเทคโนโลยีสารสนเทศ,การจัดการ,804940151771-8,2565
jarui.cha@rmutto.ac.th,Cs12345678,154174950850-9,จารุณี,ฉัตรชัย,19-12-2549,พุทธ,,บริหารธุรกิจและเทคโนโลยีสารสนเทศ,การจัดการ,582426227270-1,2567
suphichcha.phi@rmutto.ac.th,Cs12345678,893714518248-7,สุพิชชา,พีรพล,24-02-2545,พุทธ,ปัญหาการได้ยิน,บริหารธุรกิจและเทคโนโลยีสารสนเทศ,การจัดการ,804940151771-8,2565
priyya.dim@rmutto.ac.th,Cs12345678,563217971335-8,ปริญญา,ดีมาก,11/8/2546,พุทธ,โรคหอบหืด,บริหารธุรกิจและเทคโนโลยีสารสนเทศ,การจัดการ,523221489653-2,2566
sunisa.thr@rmutto.ac.th,Cs12345678,542695325888-1,สุนิสา,ทรัพย์สิน,11/12/2546,อิสลาม,โรคหอบหืด,บริหารธุรกิจและเทคโนโลยีสารสนเทศ,การจัดการ,804940151771-8,2566
wrphngs.phr@rmutto.ac.th,Cs12345678,991241690943-3,วรพงศ์,พรเทพ,7/11/2545,ไม่ระบุ,ปัญหาการมองเห็น,บริหารธุรกิจและเทคโนโลยีสารสนเทศ,การจัดการ,720431526768-4,2566
ktys.oph@rmutto.ac.th,Cs12345678,675742981460-1,กฤตยศ,อภิวัฒน์,15-03-2545,พุทธ,โรคหัวใจ,บริหารธุรกิจและเทคโนโลยีสารสนเทศ,การจัดการ,404349442443-2,2565
jirphathr.thn@rmutto.ac.th,Cs12345678,467492383312-4,จิรภัทร,ธนาธิป,17-01-2548,พุทธ,โรคหอบหืด,บริหารธุรกิจและเทคโนโลยีสารสนเทศ,การจัดการ,804940151771-8,2565
oakhrphl.wre@rmutto.ac.th,Cs12345678,349138397595-8,อัครพล,วรเกียรติ,4/1/2545,ไม่ระบุ,,บริหารธุรกิจและเทคโนโลยีสารสนเทศ,การจัดการ,523221489653-2,2566
thnwithy.thn@rmutto.ac.th,Cs12345678,544146356461-9,ธนวิทย์,ธนกุล,2/2/2544,อิสลาม,โรคเบาหวาน,บริหารธุรกิจและเทคโนโลยีสารสนเทศ,การจัดการ,404349442443-2,2565
wrali.eph@rmutto.ac.th,Cs12345678,858914730821-3,วราลี,เพชรศรี,15-09-2545,ไม่ระบุ,โรคหัวใจ,บริหารธุรกิจและเทคโนโลยีสารสนเทศ,การจัดการ,720431526768-4,2567
suthida.sit@rmutto.ac.th,Cs12345678,565975176175-6,สุธิดา,สิทธิพงษ์,1/12/2543,อิสลาม,ไมเกรน,บริหารธุรกิจและเทคโนโลยีสารสนเทศ,การจัดการ,404349442443-2,2566
suwdi.sup@rmutto.ac.th,Cs12345678,731690212718-7,สุวดี,ศุภพงษ์,27-07-2543,คริสต์,,บริหารธุรกิจและเทคโนโลยีสารสนเทศ,การจัดการ,804940151771-8,2565
kittichay.phu@rmutto.ac.th,Cs12345678,693736433229-5,กิตติชัย,ภูมิพงษ์,8/7/2546,ไม่ระบุ,,บริหารธุรกิจและเทคโนโลยีสารสนเทศ,การจัดการ,804940151771-8,2565
sakda.wrw@rmutto.ac.th,Cs12345678,501493743666-3,ศักดา,วรวิทย์,6/12/2545,พุทธ,โรคหัวใจ,บริหารธุรกิจและเทคโนโลยีสารสนเทศ,การจัดการ,582426227270-1,2565
phachri.oph@rmutto.ac.th,Cs12345678,446506439251-0,พัชรี,อภิวัฒน์,22-09-2546,ไม่ระบุ,,บริหารธุรกิจและเทคโนโลยีสารสนเทศ,การจัดการ,582426227270-1,2565
ophiraks.wrw@rmutto.ac.th,Cs12345678,769311189612-2,อภิรักษ์,วรวิทย์,28-10-2543,พุทธ,,บริหารธุรกิจและเทคโนโลยีสารสนเทศ,การจัดการ,523221489653-2,2566
chwin.oru@rmutto.ac.th,Cs12345678,843844250360-1,ชวิน,อรุณวงศ์,8/12/2547,ไม่ระบุ,ปัญหาการมองเห็น,บริหารธุรกิจและเทคโนโลยีสารสนเทศ,การจัดการ,804940151771-8,2567
onucha.ois@rmutto.ac.th,Cs12345678,355615311941-1,อนุชา,อิศรา,19-10-2549,ไม่ระบุ,โรคหัวใจ,บริหารธุรกิจและเทคโนโลยีสารสนเทศ,การจัดการ,523221489653-2,2565
aphl.suk@rmutto.ac.th,Cs12345678,762866368563-0,ณัฐพล,สุขใส,26-08-2544,ไม่ระบุ,,บริหารธุรกิจและเทคโนโลยีสารสนเทศ,การจัดการ,804940151771-8,2565
kittiphngs.jak@rmutto.ac.th,Cs12345678,513748819197-9,กิตติพงษ์,จักรพงศ์,20-04-2545,พุทธ,,บริหารธุรกิจและเทคโนโลยีสารสนเทศ,การจัดการ,720431526768-4,2565
ophiraks.phn@rmutto.ac.th,Cs12345678,794114701211-0,อภิรักษ์,พงศกร,16-08-2544,ไม่ระบุ,ปัญหาการมองเห็น,บริหารธุรกิจและเทคโนโลยีสารสนเทศ,การจัดการ,523221489653-2,2566
phirphl.phn@rmutto.ac.th,Cs12345678,690336255006-9,พีรพล,พงษ์ศักดิ์,26-08-2546,อิสลาม,,บริหารธุรกิจและเทคโนโลยีสารสนเทศ,การจัดการ,804940151771-8,2567
siththichay.phr@rmutto.ac.th,Cs12345678,520019387224-1,สิทธิชัย,พรหมศักดิ์,1/2/2549,พุทธ,,บริหารธุรกิจและเทคโนโลยีสารสนเทศ,การจัดการ,720431526768-4,2565
suwarinthr.wra@rmutto.ac.th,Cs12345678,180178749252-8,สุวารินทร์,วรากร,14-07-2548,พุทธ,โรคหอบหืด,บริหารธุรกิจและเทคโนโลยีสารสนเทศ,การจัดการ,804940151771-8,2565
thnayya.suw@rmutto.ac.th,Cs12345678,890450713194-7,ธนัญญา,สุวรรณ,28-03-2548,อิสลาม,,บริหารธุรกิจและเทคโนโลยีสารสนเทศ,การจัดการ,720431526768-4,2565
mukda.eok@rmutto.ac.th,Cs12345678,365268348085-6,มุกดา,เอกราช,25-03-2547,พุทธ,,บริหารธุรกิจและเทคโนโลยีสารสนเทศ,การจัดการ,523221489653-2,2567
thiryuthth.jak@rmutto.ac.th,Cs12345678,187398452813-2,ธีรยุทธ,จักรพงศ์,7/2/2546,ไม่ระบุ,ความดันโลหิตสูง,บริหารธุรกิจและเทคโนโลยีสารสนเทศ,การจัดการ,582426227270-1,2567
orthay.sir@rmutto.ac.th,Cs12345678,171749865152-0,อรทัย,ศิริชัย,3/2/2543,คริสต์,โรคหัวใจ,บริหารธุรกิจและเทคโนโลยีสารสนเทศ,การจัดการ,720431526768-4,2565
oaychli.thi@rmutto.ac.th,Cs12345678,430797891526-6,อัญชลี,ธีรพงศ์,11/9/2544,ไม่ระบุ,,บริหารธุรกิจและเทคโนโลยีสารสนเทศ,การจัดการ,404349442443-2,2566
sukayyaratn.nph@rmutto.ac.th,Cs12345678,762393370211-9,สุกัญญารัตน์,นฤพนธ์,11/6/2546,คริสต์,ความดันโลหิตสูง,บริหารธุรกิจและเทคโนโลยีสารสนเทศ,การจัดการ,720431526768-4,2565
priyya.phn@rmutto.ac.th,Cs12345678,717700572962-8,ปริญญา,พงศ์เดช,18-01-2545,คริสต์,โรคเบาหวาน,บริหารธุรกิจและเทคโนโลยีสารสนเทศ,การจัดการ,404349442443-2,2566
siriratn.oak@rmutto.ac.th,Cs12345678,921308949054-9,ศิริรัตน์,อัครพล,25-10-2546,อิสลาม,,บริหารธุรกิจและเทคโนโลยีสารสนเทศ,การจัดการ,404349442443-2,2566
phirphl.sir@rmutto.ac.th,Cs12345678,582840962771-8,พีรพล,ศิริวัฒน์,16-08-2545,อิสลาม,,บริหารธุรกิจและเทคโนโลยีสารสนเทศ,การจัดการ,523221489653-2,2567
sunisa.phn@rmutto.ac.th,Cs12345678,996852703524-2,สุนิสา,พงศ์พันธ์,7/11/2546,อิสลาม,ความดันโลหิตสูง,บริหารธุรกิจและเทคโนโลยีสารสนเทศ,การจัดการ,404349442443-2,2567
thnkr.pha@rmutto.ac.th,Cs12345678,811940951518-3,ธนกร,ภัทรเดช,22-08-2543,ไม่ระบุ,,บริหารธุรกิจและเทคโนโลยีสารสนเทศ,การจัดการ ,155081845464-4,2566
oisra.wrw@rmutto.ac.th,Cs12345678,531590615631-1,อิศรา,วรวิทย์,4/12/2545,พุทธ,,บริหารธุรกิจและเทคโนโลยีสารสนเทศ,การจัดการ ,912852184298-9,2566
jindaphr.wrp@rmutto.ac.th,Cs12345678,176633293664-0,จินดาภร,วรพัฒน์,6/8/2548,ไม่ระบุ,,บริหารธุรกิจและเทคโนโลยีสารสนเทศ,การจัดการ ,155081845464-4,2565
juamas.jir@rmutto.ac.th,Cs12345678,876188580070-7,จุฑามาศ,จิรภพ,1/1/2546,คริสต์,ความดันโลหิตสูง,บริหารธุรกิจและเทคโนโลยีสารสนเทศ,การจัดการ ,912852184298-9,2566
thrngphl.phr@rmutto.ac.th,Cs12345678,573338310694-6,ทรงพล,พรเทพ,4/3/2549,พุทธ,,บริหารธุรกิจและเทคโนโลยีสารสนเทศ,การจัดการ ,155081845464-4,2566
jiraphimph.thn@rmutto.ac.th,Cs12345678,472046594162-1,จิราพิมพ์,ธนกฤต,17-04-2549,อิสลาม,โรคหัวใจ,บริหารธุรกิจและเทคโนโลยีสารสนเทศ,การจัดการ ,912852184298-9,2565
wichit.oph@rmutto.ac.th,Cs12345678,442017380089-3,วิชิต,อภิชัย,27-06-2545,พุทธ,,บริหารธุรกิจและเทคโนโลยีสารสนเทศ,การจัดการ ,303480157224-4,2567
phirphl.jit@rmutto.ac.th,Cs12345678,359250912318-2,พีรพล,จิตตะวี,20-08-2549,ไม่ระบุ,ความดันโลหิตสูง,บริหารธุรกิจและเทคโนโลยีสารสนเทศ,การจัดการ ,155081845464-4,2567
kongekiyrti.wre@rmutto.ac.th,Cs12345678,680926681227-8,ก้องเกียรติ,วรเกียรติ,18-02-2547,ไม่ระบุ,โรคหอบหืด,บริหารธุรกิจและเทคโนโลยีสารสนเทศ,การจัดการ ,155081845464-4,2565
jiraphachr.khu@rmutto.ac.th,Cs12345678,654031670450-7,จิราพัชร,คุ้มวงศ์,8/6/2548,คริสต์,ความดันโลหิตสูง,บริหารธุรกิจและเทคโนโลยีสารสนเทศ,การจัดการ ,155081845464-4,2567
thnayya.oak@rmutto.ac.th,Cs12345678,811013941948-3,ธนัญญา,อัครวัฒน์,28-10-2548,อิสลาม,,บริหารธุรกิจและเทคโนโลยีสารสนเทศ,การจัดการ ,449433545256-5,2566
wichit.onu@rmutto.ac.th,Cs12345678,354305798378-7,วิชิต,อนุชา,18-08-2549,คริสต์,,บริหารธุรกิจและเทคโนโลยีสารสนเทศ,การจัดการ ,155081845464-4,2566
suphawdi.wrp@rmutto.ac.th,Cs12345678,640960663229-8,สุภาวดี,วรพล,2/4/2543,ไม่ระบุ,,บริหารธุรกิจและเทคโนโลยีสารสนเทศ,การจัดการ ,912852184298-9,2565
suthida.thi@rmutto.ac.th,Cs12345678,976569639283-4,สุธิดา,ธีรพงศ์,19-07-2545,ไม่ระบุ,ไมเกรน,บริหารธุรกิจและเทคโนโลยีสารสนเทศ,การจัดการ ,155081845464-4,2565
pwia.phk@rmutto.ac.th,Cs12345678,612818556219-7,ปวีณา,พฤกษ์ทวี,27-10-2549,พุทธ,โรคเบาหวาน,บริหารธุรกิจและเทคโนโลยีสารสนเทศ,การจัดการ ,303480157224-4,2565
thnphl.sir@rmutto.ac.th,Cs12345678,485154777276-3,ธนพล,สิริวัฒน์,5/5/2543,ไม่ระบุ,ความดันโลหิตสูง,บริหารธุรกิจและเทคโนโลยีสารสนเทศ,การจัดการ ,303480157224-4,2565
thwach.nph@rmutto.ac.th,Cs12345678,129394235283-2,ธวัช,นพดล,22-04-2548,คริสต์,ความดันโลหิตสูง,บริหารธุรกิจและเทคโนโลยีสารสนเทศ,การจัดการ ,287917758551-0,2566
suthida.phr@rmutto.ac.th,Cs12345678,892032964738-6,สุธิดา,พรเทพ,11/10/2549,คริสต์,ความดันโลหิตสูง,บริหารธุรกิจและเทคโนโลยีสารสนเทศ,การจัดการ ,155081845464-4,2567
bwr.wrp@rmutto.ac.th,Cs12345678,729389267698-6,บวร,วรพงษ์,7/10/2549,อิสลาม,,บริหารธุรกิจและเทคโนโลยีสารสนเทศ,การจัดการ ,449433545256-5,2565
ophiphngs.phn@rmutto.ac.th,Cs12345678,884466845698-9,อภิพงษ์,พงศกร,6/9/2544,คริสต์,โรคเบาหวาน,บริหารธุรกิจและเทคโนโลยีสารสนเทศ,การจัดการ ,912852184298-9,2566
aa.phn@rmutto.ac.th,Cs12345678,211314328729-5,ณัฐฐา,พงศ์เดช,21-03-2543,อิสลาม,,บริหารธุรกิจและเทคโนโลยีสารสนเทศ,การจัดการ ,155081845464-4,2567
suphrri.oph@rmutto.ac.th,Cs12345678,734556678184-1,สุพรรณี,อภิชาติ,8/5/2545,ไม่ระบุ,,บริหารธุรกิจและเทคโนโลยีสารสนเทศ,การจัดการ ,449433545256-5,2565
phachrapha.oak@rmutto.ac.th,Cs12345678,811738492385-3,พัชราภา,อัครวัฒน์,4/12/2543,คริสต์,โรคหัวใจ,บริหารธุรกิจและเทคโนโลยีสารสนเทศ,การจัดการ ,155081845464-4,2567
onucha.smb@rmutto.ac.th,Cs12345678,611464894796-5,อนุชา,สมบูรณ์,16-05-2543,อิสลาม,ปัญหาการได้ยิน,บริหารธุรกิจและเทคโนโลยีสารสนเทศ,การจัดการ ,287917758551-0,2567
raphngs.wrc@rmutto.ac.th,Cs12345678,908515116862-9,รัฐพงษ์,วรชาติ,19-05-2548,คริสต์,,บริหารธุรกิจและเทคโนโลยีสารสนเทศ,การจัดการ ,287917758551-0,2566
jarui.pri@rmutto.ac.th,Cs12345678,559546911324-0,จารุณี,ปริญญา,21-06-2544,อิสลาม,,บริหารธุรกิจและเทคโนโลยีสารสนเทศ,การจัดการ ,303480157224-4,2567
jindami.chw@rmutto.ac.th,Cs12345678,923336658336-9,จินดามณี,ชวลิต,9/4/2545,พุทธ,ไมเกรน,บริหารธุรกิจและเทคโนโลยีสารสนเทศ,การจัดการ ,449433545256-5,2567
ophirdi.oak@rmutto.ac.th,Cs12345678,675683662517-5,อภิรดี,อัครวัฒน์,22-04-2547,คริสต์,โรคเบาหวาน,บริหารธุรกิจและเทคโนโลยีสารสนเทศ,การจัดการ ,155081845464-4,2567
wiaillaks.pri@rmutto.ac.th,Cs12345678,283017786243-9,วิไลลักษณ์,ปริญญา,1/5/2543,อิสลาม,ปัญหาการได้ยิน,บริหารธุรกิจและเทคโนโลยีสารสนเทศ,การจัดการ ,287917758551-0,2567
wiaillaks.piy@rmutto.ac.th,Cs12345678,411017763824-5,วิไลลักษณ์,ปิยวัฒน์,7/11/2545,อิสลาม,,บริหารธุรกิจและเทคโนโลยีสารสนเทศ,การจัดการ ,155081845464-4,2565
suphrda.phi@rmutto.ac.th,Cs12345678,621038438875-2,ศุภรดา,พีรพงษ์,4/6/2547,อิสลาม,ความดันโลหิตสูง,บริหารธุรกิจและเทคโนโลยีสารสนเทศ,การจัดการ ,449433545256-5,2567
athyan.chw@rmutto.ac.th,Cs12345678,281519233049-8,ณัฐธยาน์,ชวลิต,1/9/2544,ไม่ระบุ,,บริหารธุรกิจและเทคโนโลยีสารสนเทศ,การจัดการ ,287917758551-0,2566
phimphchnk.sur@rmutto.ac.th,Cs12345678,736575140337-7,พิมพ์ชนก,สุรศักดิ์,26-06-2545,พุทธ,ความดันโลหิตสูง,บริหารธุรกิจและเทคโนโลยีสารสนเทศ,การตลาด,635833065906-1,2567
suthida.wic@rmutto.ac.th,Cs12345678,918960805919-0,สุธิดา,วิชิต,13-01-2547,พุทธ,,บริหารธุรกิจและเทคโนโลยีสารสนเทศ,การตลาด,636634313387-1,2567
sakda.puw@rmutto.ac.th,Cs12345678,318346634889-4,ศักดา,ปุณณวิช,6/12/2549,คริสต์,,บริหารธุรกิจและเทคโนโลยีสารสนเทศ,การตลาด,332602797672-1,2565
jindaphr.thn@rmutto.ac.th,Cs12345678,835025228838-8,จินดาพร,ธนกฤต,21-04-2547,คริสต์,,บริหารธุรกิจและเทคโนโลยีสารสนเทศ,การตลาด,193129348485-4,2566
pithan.wrw@rmutto.ac.th,Cs12345678,210194627768-2,ปณิธาน,วรวิทย์,18-08-2545,ไม่ระบุ,ปัญหาการมองเห็น,บริหารธุรกิจและเทคโนโลยีสารสนเทศ,การตลาด,635833065906-1,2566
ophichya.jtu@rmutto.ac.th,Cs12345678,851280349482-0,อภิชญา,จตุพร,22-12-2547,ไม่ระบุ,,บริหารธุรกิจและเทคโนโลยีสารสนเทศ,การตลาด,636634313387-1,2566
suwdi.thn@rmutto.ac.th,Cs12345678,877333118985-5,สุวดี,ธนาธิป,9/8/2543,คริสต์,โรคหัวใจ,บริหารธุรกิจและเทคโนโลยีสารสนเทศ,การตลาด,636634313387-1,2566
suwiml.wrw@rmutto.ac.th,Cs12345678,249600487278-7,สุวิมล,วรวิทย์,28-01-2549,พุทธ,ภูมิแพ้,บริหารธุรกิจและเทคโนโลยีสารสนเทศ,การตลาด,193129348485-4,2567
wraphr.thn@rmutto.ac.th,Cs12345678,421485326299-3,วราภรณ์,ธนกฤต,14-04-2544,คริสต์,,บริหารธุรกิจและเทคโนโลยีสารสนเทศ,การตลาด,193129348485-4,2565
jiraphrr.sri@rmutto.ac.th,Cs12345678,639316919622-7,จิราพรรณ,ศรีสุวรรณ,8/4/2549,พุทธ,,บริหารธุรกิจและเทคโนโลยีสารสนเทศ,การตลาด,332602797672-1,2567
jintlaks.suk@rmutto.ac.th,Cs12345678,598954995982-3,จินตลักษณ์,สุขสวัสดิ์,1/12/2546,คริสต์,,บริหารธุรกิจและเทคโนโลยีสารสนเทศ,การตลาด,682974911675-2,2566
chwlit.pit@rmutto.ac.th,Cs12345678,255633194038-6,ชวลิต,ปณิธาน,1/9/2547,อิสลาม,ความดันโลหิตสูง,บริหารธุรกิจและเทคโนโลยีสารสนเทศ,การตลาด,682974911675-2,2567
ssithr.wre@rmutto.ac.th,Cs12345678,262334370144-9,ศศิธร,วรเกียรติ,16-04-2548,อิสลาม,ภูมิแพ้,บริหารธุรกิจและเทคโนโลยีสารสนเทศ,การตลาด,682974911675-2,2566
phngskr.phi@rmutto.ac.th,Cs12345678,380019891190-5,พงศกร,พิพัฒน์,2/4/2548,ไม่ระบุ,โรคหอบหืด,บริหารธุรกิจและเทคโนโลยีสารสนเทศ,การตลาด,332602797672-1,2565
phachrapha.wic@rmutto.ac.th,Cs12345678,923108733858-2,พัชราภา,วิชิต,4/2/2549,ไม่ระบุ,ไมเกรน,บริหารธุรกิจและเทคโนโลยีสารสนเทศ,การตลาด,682974911675-2,2567
suriyratn.phn@rmutto.ac.th,Cs12345678,403295279263-8,สุรีย์รัตน์,พงษ์ศักดิ์,18-05-2549,อิสลาม,,บริหารธุรกิจและเทคโนโลยีสารสนเทศ,การตลาด,682974911675-2,2565
kongphph.oph@rmutto.ac.th,Cs12345678,758295852889-6,ก้องภพ,อภิวัฒน์,11/2/2547,คริสต์,โรคหอบหืด,บริหารธุรกิจและเทคโนโลยีสารสนเทศ,การตลาด,635833065906-1,2565
suphisra.thn@rmutto.ac.th,Cs12345678,993382476304-4,ศุภิสรา,ธนกฤต,20-05-2546,ไม่ระบุ,ภูมิแพ้,บริหารธุรกิจและเทคโนโลยีสารสนเทศ,การตลาด,332602797672-1,2566
kittiphan.onu@rmutto.ac.th,Cs12345678,438132612678-4,กิตติพัฒน์,อนุชา,11/1/2544,พุทธ,ภูมิแพ้,บริหารธุรกิจและเทคโนโลยีสารสนเทศ,การตลาด,635833065906-1,2566
ssithr.smb@rmutto.ac.th,Cs12345678,684531122033-2,ศศิธร,สมบูรณ์,19-09-2549,พุทธ,โรคเบาหวาน,บริหารธุรกิจและเทคโนโลยีสารสนเทศ,การตลาด,332602797672-1,2565
puika.thn@rmutto.ac.th,Cs12345678,292409889475-7,ปุณิกา,ธนวัฒน์,25-12-2547,คริสต์,โรคหัวใจ,บริหารธุรกิจและเทคโนโลยีสารสนเทศ,การตลาด,332602797672-1,2566
buysng.kit@rmutto.ac.th,Cs12345678,384507734627-8,บุญส่ง,กิตติพงศ์,11/9/2545,ไม่ระบุ,,บริหารธุรกิจและเทคโนโลยีสารสนเทศ,การตลาด,636634313387-1,2566
ophisiththi.suw@rmutto.ac.th,Cs12345678,234412355721-7,อภิสิทธิ์,สุวรรณ,26-05-2549,พุทธ,ความดันโลหิตสูง,บริหารธุรกิจและเทคโนโลยีสารสนเทศ,การตลาด,682974911675-2,2566
jiraphr.phn@rmutto.ac.th,Cs12345678,493653832636-8,จิราภรณ์,พงศกร,10/6/2544,อิสลาม,,บริหารธุรกิจและเทคโนโลยีสารสนเทศ,การตลาด,635833065906-1,2567
thnwan.wrw@rmutto.ac.th,Cs12345678,559943808342-8,ธนวัฒน์,วรวิทย์,5/9/2547,อิสลาม,,บริหารธุรกิจและเทคโนโลยีสารสนเทศ,การตลาด,636634313387-1,2565
orthay.wrp@rmutto.ac.th,Cs12345678,623511335240-1,อรทัย,วรพงษ์,23-10-2549,พุทธ,,บริหารธุรกิจและเทคโนโลยีสารสนเทศ,การตลาด,635833065906-1,2567
jarui.wrp@rmutto.ac.th,Cs12345678,113530595103-7,จารุณี,วรพล,20-06-2544,คริสต์,,บริหารธุรกิจและเทคโนโลยีสารสนเทศ,การตลาด,635833065906-1,2567
oariratn.pay@rmutto.ac.th,Cs12345678,824623939832-8,อารีรัตน์,ปัญญาวงศ์,15-03-2549,ไม่ระบุ,ความดันโลหิตสูง,บริหารธุรกิจและเทคโนโลยีสารสนเทศ,การตลาด,682974911675-2,2566
oaychna.wrp@rmutto.ac.th,Cs12345678,972074653978-5,อัญชนา,วรพล,23-07-2549,ไม่ระบุ,ความดันโลหิตสูง,บริหารธุรกิจและเทคโนโลยีสารสนเทศ,การตลาด,332602797672-1,2567
kantthira.dim@rmutto.ac.th,Cs12345678,664281823851-6,กานต์ธีรา,ดีมาก,11/9/2548,คริสต์,,บริหารธุรกิจและเทคโนโลยีสารสนเทศ,การตลาด,682974911675-2,2566
suphwichy.cha@rmutto.ac.th,Cs12345678,664689801346-3,ศุภวิชญ์,ชัชวาล,6/8/2548,คริสต์,โรคหอบหืด,บริหารธุรกิจและเทคโนโลยีสารสนเทศ,การตลาด,635833065906-1,2566
phirphan.wrp@rmutto.ac.th,Cs12345678,291968700805-5,พีรพัฒน์,วรพล,21-08-2548,คริสต์,ไมเกรน,บริหารธุรกิจและเทคโนโลยีสารสนเทศ,การตลาด,193129348485-4,2565
chatrchay.phi@rmutto.ac.th,Cs12345678,804192642333-7,ฉัตรชัย,พีรพัฒน์,24-01-2543,อิสลาม,โรคเบาหวาน,บริหารธุรกิจและเทคโนโลยีสารสนเทศ,การตลาด,193129348485-4,2567
jindaratnpha.phu@rmutto.ac.th,Cs12345678,289860975859-8,จินดารัตน์ภา,ภูมิพงษ์,3/11/2544,คริสต์,โรคหอบหืด,บริหารธุรกิจและเทคโนโลยีสารสนเทศ,การตลาด,682974911675-2,2565
jiraphr.sit@rmutto.ac.th,Cs12345678,306775109084-0,จิราภร,สิทธิพงษ์,7/8/2547,ไม่ระบุ,ไมเกรน,บริหารธุรกิจและเทคโนโลยีสารสนเทศ,การตลาด,635833065906-1,2567
wremth.pay@rmutto.ac.th,Cs12345678,499330102891-6,วรเมธ,ปัญญาวงศ์,1/7/2545,พุทธ,,บริหารธุรกิจและเทคโนโลยีสารสนเทศ,การตลาด,332602797672-1,2565
chnika.phn@rmutto.ac.th,Cs12345678,455595767142-3,ชนิกา,พงศ์ศักดิ์,24-03-2549,ไม่ระบุ,ไมเกรน,บริหารธุรกิจและเทคโนโลยีสารสนเทศ,การตลาด,635833065906-1,2565
kongphph.aek@rmutto.ac.th,Cs12345678,752522822373-6,ก้องภพ,แก้วใส,4/4/2549,อิสลาม,,บริหารธุรกิจและเทคโนโลยีสารสนเทศ,การตลาด,636634313387-1,2566
ejsa.wrw@rmutto.ac.th,Cs12345678,558376412936-1,เจษฎา,วรวิทย์,2/10/2548,ไม่ระบุ,,บริหารธุรกิจและเทคโนโลยีสารสนเทศ,การตลาด,193129348485-4,2566
oakhrphngs.kit@rmutto.ac.th,Cs12345678,599891316654-0,อัครพงศ์,กิตติศักดิ์,2/4/2548,อิสลาม,โรคหัวใจ,บริหารธุรกิจและเทคโนโลยีสารสนเทศ,การตลาด,193129348485-4,2565
kongphph.ois@rmutto.ac.th,Cs12345678,156575479061-6,ก้องภพ,อิศรา,20-02-2547,ไม่ระบุ,ปัญหาการได้ยิน,บริหารธุรกิจและเทคโนโลยีสารสนเทศ,การตลาด,332602797672-1,2567
jiraphr.pay@rmutto.ac.th,Cs12345678,638536965880-6,จิราภรณ์,ปัญญาดี,14-10-2546,อิสลาม,,บริหารธุรกิจและเทคโนโลยีสารสนเทศ,การตลาด,682974911675-2,2566
faais.thw@rmutto.ac.th,Cs12345678,286971844761-1,ฟ้าใส,ทวีโชติ,4/2/2546,อิสลาม,,บริหารธุรกิจและเทคโนโลยีสารสนเทศ,การตลาด,332602797672-1,2567
phngsphathr.wrp@rmutto.ac.th,Cs12345678,962272943456-6,พงศ์ภัทร,วรพัฒน์,2/2/2545,อิสลาม,ความดันโลหิตสูง,บริหารธุรกิจและเทคโนโลยีสารสนเทศ,การตลาด,682974911675-2,2567
phimphchnk.onu@rmutto.ac.th,Cs12345678,850124245457-9,พิมพ์ชนก,อนุชา,20-01-2548,คริสต์,,บริหารธุรกิจและเทคโนโลยีสารสนเทศ,การตลาด,682974911675-2,2567
jiraphr.wre@rmutto.ac.th,Cs12345678,662672389396-9,จิราพร,วรเวช,26-12-2546,อิสลาม,ความดันโลหิตสูง,บริหารธุรกิจและเทคโนโลยีสารสนเทศ,การตลาด,193129348485-4,2567
jintpha.wic@rmutto.ac.th,Cs12345678,959776629145-2,จินตภา,วิชิต,3/3/2546,ไม่ระบุ,,บริหารธุรกิจและเทคโนโลยีสารสนเทศ,การตลาด,682974911675-2,2567
ophichay.wre@rmutto.ac.th,Cs12345678,285446763902-8,อภิชัย,วรเวช,5/10/2544,อิสลาม,ไมเกรน,บริหารธุรกิจและเทคโนโลยีสารสนเทศ,การตลาด,682974911675-2,2565
nanthna.sup@rmutto.ac.th,Cs12345678,523312753281-9,นันทนา,ศุภพงษ์,20-11-2549,พุทธ,โรคหอบหืด,บริหารธุรกิจและเทคโนโลยีสารสนเทศ,การตลาด,193129348485-4,2567
prems.oru@rmutto.ac.th,Cs12345678,832736602524-6,ปรเมศ,อรุณ,12/6/2544,คริสต์,โรคเบาหวาน,บริหารธุรกิจและเทคโนโลยีสารสนเทศ,การตลาด,636634313387-1,2565
sunthri.phu@rmutto.ac.th,Cs12345678,896692878640-8,สุนทรี,ภู่ทอง,24-03-2547,พุทธ,ภูมิแพ้,บริหารธุรกิจและเทคโนโลยีสารสนเทศ,การตลาด,682974911675-2,2566
srawui.khj@rmutto.ac.th,Cs12345678,311511466070-4,ศราวุฒิ,ขจรศักดิ์,23-09-2544,พุทธ,,บริหารธุรกิจและเทคโนโลยีสารสนเทศ,การตลาด,636634313387-1,2566
wrwichy.sir@rmutto.ac.th,Cs12345678,338885539766-1,วรวิชญ์,ศิริวัฒน์,17-02-2543,คริสต์,ปัญหาการได้ยิน,บริหารธุรกิจและเทคโนโลยีสารสนเทศ,การตลาด,636634313387-1,2566
jindaphr.ksa@rmutto.ac.th,Cs12345678,667335253651-1,จินดาภร,กฤษณะ,14-08-2547,คริสต์,,บริหารธุรกิจและเทคโนโลยีสารสนเทศ,การตลาด,332602797672-1,2566
santi.pri@rmutto.ac.th,Cs12345678,133900154360-0,สันติ,ปริญญ์,3/9/2545,อิสลาม,,บริหารธุรกิจและเทคโนโลยีสารสนเทศ,การตลาด,332602797672-1,2565
suphaphr.pri@rmutto.ac.th,Cs12345678,401588181546-7,สุภาพร,ปรีชา,3/8/2545,คริสต์,,บริหารธุรกิจและเทคโนโลยีสารสนเทศ,การตลาด,682974911675-2,2566
thnphl.pha@rmutto.ac.th,Cs12345678,804493439280-0,ธนพล,ภัทรพงษ์,19-05-2546,คริสต์,,บริหารธุรกิจและเทคโนโลยีสารสนเทศ,การตลาด,682974911675-2,2565
wremth.phi@rmutto.ac.th,Cs12345678,211349984372-1,วรเมธ,พีรพงษ์,22-05-2548,ไม่ระบุ,ไมเกรน,บริหารธุรกิจและเทคโนโลยีสารสนเทศ,การตลาด,193129348485-4,2565
aphngs.oph@rmutto.ac.th,Cs12345678,892105862008-7,ณัฐพงษ์,อภิชาติ,3/1/2544,คริสต์,โรคหอบหืด,บริหารธุรกิจและเทคโนโลยีสารสนเทศ,การตลาด,332602797672-1,2565
wremth.sir@rmutto.ac.th,Cs12345678,602306497612-0,วรเมธ,สิริวัฒน์,11/8/2546,คริสต์,ไมเกรน,บริหารธุรกิจและเทคโนโลยีสารสนเทศ,การตลาด,682974911675-2,2566
suphawdi.khu@rmutto.ac.th,Cs12345678,544145262799-0,สุภาวดี,คุ้มวงศ์,9/5/2546,คริสต์,โรคหอบหืด,บริหารธุรกิจและเทคโนโลยีสารสนเทศ,การตลาด,193129348485-4,2566
sujitra.phi@rmutto.ac.th,Cs12345678,922442384099-2,สุจิตรา,พีรพัฒน์,8/3/2545,อิสลาม,,บริหารธุรกิจและเทคโนโลยีสารสนเทศ,การตลาด,636634313387-1,2567
oajchra.jak@rmutto.ac.th,Cs12345678,382615509438-7,อัจฉรา,จักรพงศ์,26-06-2545,ไม่ระบุ,,บริหารธุรกิจและเทคโนโลยีสารสนเทศ,การตลาด,193129348485-4,2567
wrphl.sur@rmutto.ac.th,Cs12345678,426060657863-0,วรพล,สุริยะ,26-07-2543,อิสลาม,โรคเบาหวาน,บริหารธุรกิจและเทคโนโลยีสารสนเทศ,การตลาด,193129348485-4,2567
jiraphr.phn@rmutto.ac.th,Cs12345678,707064424533-0,จิราภรณ์,พงศ์ธร,21-03-2547,คริสต์,โรคหอบหืด,บริหารธุรกิจและเทคโนโลยีสารสนเทศ,การตลาด,635833065906-1,2566
wisrut.aph@rmutto.ac.th,Cs12345678,546717791418-1,วิศรุต,ณัฐพงษ์,6/1/2547,ไม่ระบุ,,บริหารธุรกิจและเทคโนโลยีสารสนเทศ,การตลาด,193129348485-4,2565
phathrphl.sup@rmutto.ac.th,Cs12345678,551520955715-8,ภัทรพล,ศุภพงษ์,2/9/2547,อิสลาม,โรคหัวใจ,บริหารธุรกิจและเทคโนโลยีสารสนเทศ,การตลาด,636634313387-1,2566
ssithr.pha@rmutto.ac.th,Cs12345678,646318948151-9,ศศิธร,ภานุพงศ์,16-03-2543,อิสลาม,,บริหารธุรกิจและเทคโนโลยีสารสนเทศ,การตลาด,635833065906-1,2566
ophichati.jit@rmutto.ac.th,Cs12345678,494589577813-7,อภิชาติ,จิตตะวี,16-02-2548,ไม่ระบุ,โรคหอบหืด,บริหารธุรกิจและเทคโนโลยีสารสนเทศ,การตลาด,636634313387-1,2567
jindaphr.thn@rmutto.ac.th,Cs12345678,835560327448-5,จินดาภร,ธนากร,21-11-2548,คริสต์,,บริหารธุรกิจและเทคโนโลยีสารสนเทศ,การตลาด,682974911675-2,2567
nphdl.thi@rmutto.ac.th,Cs12345678,449430495967-6,นพดล,ธีรพงศ์,21-05-2547,อิสลาม,ภูมิแพ้,บริหารธุรกิจและเทคโนโลยีสารสนเทศ,การตลาด ,803982487249-9,2567
ophiratn.wic@rmutto.ac.th,Cs12345678,514090323461-0,อภิรัตน์,วิชิต,25-04-2543,ไม่ระบุ,ปัญหาการได้ยิน,บริหารธุรกิจและเทคโนโลยีสารสนเทศ,การตลาด ,227571974148-8,2567
wichit.oph@rmutto.ac.th,Cs12345678,562988369959-8,วิชิต,อภิชัย,5/12/2549,คริสต์,ปัญหาการมองเห็น,บริหารธุรกิจและเทคโนโลยีสารสนเทศ,การตลาด ,227571974148-8,2565
chnika.pit@rmutto.ac.th,Cs12345678,677932486265-4,ชนิกา,ปณิธาน,28-03-2543,อิสลาม,โรคหัวใจ,บริหารธุรกิจและเทคโนโลยีสารสนเทศ,การตลาด ,642312664892-5,2567
puwich.sup@rmutto.ac.th,Cs12345678,900587966977-5,ปุณณวิช,ศุภพงษ์,9/2/2544,ไม่ระบุ,,บริหารธุรกิจและเทคโนโลยีสารสนเทศ,การตลาด ,803982487249-9,2567
kantthira.wre@rmutto.ac.th,Cs12345678,331153823456-0,กานต์ธีรา,วรเวช,28-04-2545,อิสลาม,ภูมิแพ้,บริหารธุรกิจและเทคโนโลยีสารสนเทศ,การตลาด ,964372653902-2,2565
phimphaij.sra@rmutto.ac.th,Cs12345678,407919807469-8,พิมพ์ใจ,ศราวุธ,9/9/2544,อิสลาม,,บริหารธุรกิจและเทคโนโลยีสารสนเทศ,การตลาด ,152437277812-4,2566
sunthri.oak@rmutto.ac.th,Cs12345678,139023422243-5,สุนทรี,อัครพล,18-03-2547,อิสลาม,ปัญหาการได้ยิน,บริหารธุรกิจและเทคโนโลยีสารสนเทศ,การตลาด ,803982487249-9,2567
kittiphngs.sit@rmutto.ac.th,Cs12345678,140809164354-5,กิตติพงษ์,สิทธิชัย,2/8/2546,ไม่ระบุ,,บริหารธุรกิจและเทคโนโลยีสารสนเทศ,การตลาด ,152437277812-4,2567
bdinthr.nph@rmutto.ac.th,Cs12345678,480849750720-2,บดินทร์,นพดล,5/8/2548,คริสต์,ความดันโลหิตสูง,บริหารธุรกิจและเทคโนโลยีสารสนเทศ,การตลาด ,964372653902-2,2566
wrayya.sit@rmutto.ac.th,Cs12345678,147359108926-3,วรัญญา,สิทธิพงษ์,12/5/2549,พุทธ,ความดันโลหิตสูง,บริหารธุรกิจและเทคโนโลยีสารสนเทศ,การตลาด ,964372653902-2,2566
jiraphr.cha@rmutto.ac.th,Cs12345678,542417900623-8,จิราภรณ์,ชัยมงคล,11/7/2549,พุทธ,,บริหารธุรกิจและเทคโนโลยีสารสนเทศ,การตลาด ,803982487249-9,2567
thwachphngs.pay@rmutto.ac.th,Cs12345678,387174929025-9,ธวัชพงศ์,ปัญญา,8/4/2544,อิสลาม,,บริหารธุรกิจและเทคโนโลยีสารสนเทศ,การตลาด ,152437277812-4,2566
siwkr.smb@rmutto.ac.th,Cs12345678,649035196658-4,ศิวกร,สมบูรณ์,15-02-2549,พุทธ,,บริหารธุรกิจและเทคโนโลยีสารสนเทศ,การตลาด ,803982487249-9,2565
phrri.pit@rmutto.ac.th,Cs12345678,732476726545-3,พรรณี,ปิติพงศ์,7/5/2545,พุทธ,โรคเบาหวาน,บริหารธุรกิจและเทคโนโลยีสารสนเทศ,การตลาด ,152437277812-4,2567
wrwithy.piy@rmutto.ac.th,Cs12345678,714510237561-3,วรวิทย์,ปิยวัฒน์,3/1/2544,อิสลาม,,บริหารธุรกิจและเทคโนโลยีสารสนเทศ,การตลาด ,964372653902-2,2565
aa.sur@rmutto.ac.th,Cs12345678,636543252190-5,ณัฐฐา,สุริยะ,9/1/2544,พุทธ,,บริหารธุรกิจและเทคโนโลยีสารสนเทศ,การตลาด ,152437277812-4,2566
thnkr.phu@rmutto.ac.th,Cs12345678,686097795400-4,ธนกร,ภูมิวัฒน์,22-06-2548,คริสต์,โรคหอบหืด,บริหารธุรกิจและเทคโนโลยีสารสนเทศ,การตลาด ,642312664892-5,2567
phathrphngs.chw@rmutto.ac.th,Cs12345678,673474935333-6,ภัทรพงศ์,ชวลิต,5/8/2549,ไม่ระบุ,,บริหารธุรกิจและเทคโนโลยีสารสนเทศ,การตลาด ,227571974148-8,2567
jindaratn.mon@rmutto.ac.th,Cs12345678,453126631756-9,จินดารัตน์,มโนชัย,13-07-2547,พุทธ,โรคหอบหืด,บริหารธุรกิจและเทคโนโลยีสารสนเทศ,การตลาด ,642312664892-5,2567
parichati.smb@rmutto.ac.th,Cs12345678,951247583824-6,ปาริชาติ,สมบูรณ์,16-09-2543,พุทธ,โรคหอบหืด,บริหารธุรกิจและเทคโนโลยีสารสนเทศ,การตลาด ,964372653902-2,2566
prems.sup@rmutto.ac.th,Cs12345678,108874394747-6,ปรเมศ,ศุภพงษ์,18-05-2548,พุทธ,ความดันโลหิตสูง,บริหารธุรกิจและเทคโนโลยีสารสนเทศ,การตลาด ,803982487249-9,2567
suthida.sak@rmutto.ac.th,Cs12345678,729001352644-1,สุธิดา,ศักดากร,12/8/2547,อิสลาม,ไมเกรน,บริหารธุรกิจและเทคโนโลยีสารสนเทศ,การตลาด ,152437277812-4,2566
thwach.phk@rmutto.ac.th,Cs12345678,656684238146-6,ธวัช,พฤกษ์ทวี,12/6/2548,พุทธ,โรคหัวใจ,บริหารธุรกิจและเทคโนโลยีสารสนเทศ,การตลาด ,803982487249-9,2566
sunthri.puw@rmutto.ac.th,Cs12345678,746005137744-9,สุนทรี,ปุณณวิช,5/5/2546,พุทธ,ภูมิแพ้,บริหารธุรกิจและเทคโนโลยีสารสนเทศ,การตลาด ,227571974148-8,2565
orthay.phi@rmutto.ac.th,Cs12345678,330007220881-2,อรทัย,พีรพล,1/10/2548,คริสต์,,บริหารธุรกิจและเทคโนโลยีสารสนเทศ,การตลาด ,227571974148-8,2567
juamas.sri@rmutto.ac.th,Cs12345678,330365780939-0,จุฑามาศ,ศรีมงคล,23-12-2545,คริสต์,โรคหัวใจ,บริหารธุรกิจและเทคโนโลยีสารสนเทศ,การตลาด ,152437277812-4,2565
mngkhl.nph@rmutto.ac.th,Cs12345678,410275870925-4,มงคล,นฤพนธ์,17-07-2544,อิสลาม,ความดันโลหิตสูง,บริหารธุรกิจและเทคโนโลยีสารสนเทศ,การตลาด ,964372653902-2,2566
suphwichy.san@rmutto.ac.th,Cs12345678,895191798236-0,ศุภวิชญ์,สันติวงศ์,16-09-2543,อิสลาม,ภูมิแพ้,บริหารธุรกิจและเทคโนโลยีสารสนเทศ,การบัญชี,467738310725-2,2565
suwichcha.thn@rmutto.ac.th,Cs12345678,398038391009-4,สุวิชชา,ธนพล,13-06-2547,พุทธ,ความดันโลหิตสูง,บริหารธุรกิจและเทคโนโลยีสารสนเทศ,การบัญชี,431398638300-6,2566
jiraphr.thn@rmutto.ac.th,Cs12345678,852563212706-0,จิราภรณ์,ธนวัฒน์,19-07-2546,อิสลาม,ปัญหาการมองเห็น,บริหารธุรกิจและเทคโนโลยีสารสนเทศ,การบัญชี,174535731164-6,2567
sunthri.swa@rmutto.ac.th,Cs12345678,445522670005-2,สุนทรี,สวัสดิ์สุข,8/7/2545,ไม่ระบุ,ไมเกรน,บริหารธุรกิจและเทคโนโลยีสารสนเทศ,การบัญชี,467738310725-2,2565
ophirdi.phr@rmutto.ac.th,Cs12345678,411317944656-1,อภิรดี,พรเทพ,2/1/2544,คริสต์,,บริหารธุรกิจและเทคโนโลยีสารสนเทศ,การบัญชี,554688326168-0,2565
jiraphr.wrp@rmutto.ac.th,Cs12345678,254008131649-9,จิราพร,วรพล,24-08-2549,ไม่ระบุ,ปัญหาการได้ยิน,บริหารธุรกิจและเทคโนโลยีสารสนเทศ,การบัญชี,467738310725-2,2566
thirphan.mir@rmutto.ac.th,Cs12345678,976065769925-5,ธีรพัฒน์,มณีรัตน์,17-12-2549,ไม่ระบุ,,บริหารธุรกิจและเทคโนโลยีสารสนเทศ,การบัญชี,431398638300-6,2565
thnakr.pit@rmutto.ac.th,Cs12345678,293084138191-0,ธนากร,ปิติศักดิ์,25-09-2543,ไม่ระบุ,ภูมิแพ้,บริหารธุรกิจและเทคโนโลยีสารสนเทศ,การบัญชี,174535731164-6,2565
ophichya.pha@rmutto.ac.th,Cs12345678,981449455425-5,อภิชญา,ภานุวิชญ์,21-12-2544,คริสต์,ปัญหาการได้ยิน,บริหารธุรกิจและเทคโนโลยีสารสนเทศ,การบัญชี,431398638300-6,2566
thnkt.phr@rmutto.ac.th,Cs12345678,786182640402-4,ธนกฤต,พรเทพ,18-02-2544,อิสลาม,,บริหารธุรกิจและเทคโนโลยีสารสนเทศ,การบัญชี,174535731164-6,2566
wraphr.wis@rmutto.ac.th,Cs12345678,844778755539-2,วราภรณ์,วิศรุต,23-04-2545,พุทธ,โรคเบาหวาน,บริหารธุรกิจและเทคโนโลยีสารสนเทศ,การบัญชี,174535731164-6,2566
pida.kit@rmutto.ac.th,Cs12345678,983272808534-9,ปณิดา,กิตติพงศ์,18-01-2548,พุทธ,โรคหอบหืด,บริหารธุรกิจและเทคโนโลยีสารสนเทศ,การบัญชี,174535731164-6,2566
thiredch.wrc@rmutto.ac.th,Cs12345678,518293223136-1,ธีรเดช,วรชาติ,18-07-2544,พุทธ,,บริหารธุรกิจและเทคโนโลยีสารสนเทศ,การบัญชี,366969416850-3,2566
oaychna.kit@rmutto.ac.th,Cs12345678,266796436110-3,อัญชนา,กิตติพงษ์,12/1/2547,อิสลาม,,บริหารธุรกิจและเทคโนโลยีสารสนเทศ,การบัญชี,467738310725-2,2565
kittiphan.thn@rmutto.ac.th,Cs12345678,579540577385-3,กิตติพัฒน์,ธนวัฒน์,7/11/2549,คริสต์,โรคหอบหืด,บริหารธุรกิจและเทคโนโลยีสารสนเทศ,การบัญชี,366969416850-3,2565
oaychna.onu@rmutto.ac.th,Cs12345678,477140354054-3,อัญชนา,อนุชา,23-10-2547,อิสลาม,ปัญหาการได้ยิน,บริหารธุรกิจและเทคโนโลยีสารสนเทศ,การบัญชี,554688326168-0,2566
phirphan.khu@rmutto.ac.th,Cs12345678,878107291479-4,พีรพัฒน์,คุ้มวงศ์,7/12/2544,คริสต์,ไมเกรน,บริหารธุรกิจและเทคโนโลยีสารสนเทศ,การบัญชี,554688326168-0,2566
priyya.oak@rmutto.ac.th,Cs12345678,621148148505-3,ปริญญา,อัครพล,28-03-2546,อิสลาม,โรคหัวใจ,บริหารธุรกิจและเทคโนโลยีสารสนเทศ,การบัญชี,174535731164-6,2565
ophisiththi.kit@rmutto.ac.th,Cs12345678,496691191470-9,อภิสิทธิ์,กิตติพงษ์,1/12/2544,ไม่ระบุ,,บริหารธุรกิจและเทคโนโลยีสารสนเทศ,การบัญชี,174535731164-6,2566
jindaratn.phn@rmutto.ac.th,Cs12345678,971692410748-4,จินดารัตน์,พงศ์เดช,19-01-2543,คริสต์,ปัญหาการมองเห็น,บริหารธุรกิจและเทคโนโลยีสารสนเทศ,การบัญชี,431398638300-6,2565
phirphl.wrc@rmutto.ac.th,Cs12345678,738624203178-9,พีรพล,วรชาติ,20-09-2547,อิสลาม,,บริหารธุรกิจและเทคโนโลยีสารสนเทศ,การบัญชี,554688326168-0,2565
phathredch.cha@rmutto.ac.th,Cs12345678,942905729794-1,ภัทรเดช,ชัยมงคล,6/3/2544,ไม่ระบุ,,บริหารธุรกิจและเทคโนโลยีสารสนเทศ,การบัญชี,174535731164-6,2566
thnida.buy@rmutto.ac.th,Cs12345678,163975201307-4,ธนิดา,บุญมี,16-04-2546,คริสต์,,บริหารธุรกิจและเทคโนโลยีสารสนเทศ,การบัญชี,174535731164-6,2567
jirphph.sra@rmutto.ac.th,Cs12345678,808583995977-6,จิรภพ,ศราวุธ,12/8/2544,อิสลาม,โรคหอบหืด,บริหารธุรกิจและเทคโนโลยีสารสนเทศ,การบัญชี,431398638300-6,2566
sujitra.pha@rmutto.ac.th,Cs12345678,748610851779-0,สุจิตรา,ภานุพงษ์,17-05-2544,พุทธ,,บริหารธุรกิจและเทคโนโลยีสารสนเทศ,การบัญชี,467738310725-2,2567
thrngphl.sup@rmutto.ac.th,Cs12345678,583843627960-8,ทรงพล,ศุภพงษ์,3/11/2544,พุทธ,โรคหอบหืด,บริหารธุรกิจและเทคโนโลยีสารสนเทศ,การบัญชี,431398638300-6,2567
suthida.onu@rmutto.ac.th,Cs12345678,487652948516-9,สุธิดา,อนุวัฒน์,26-07-2547,อิสลาม,ปัญหาการได้ยิน,บริหารธุรกิจและเทคโนโลยีสารสนเทศ,การบัญชี,174535731164-6,2567
ssithr.aph@rmutto.ac.th,Cs12345678,200660424561-5,ศศิธร,ณัฐพงษ์,7/3/2547,ไม่ระบุ,,บริหารธุรกิจและเทคโนโลยีสารสนเทศ,การบัญชี,431398638300-6,2566
phanuwichy.suw@rmutto.ac.th,Cs12345678,587619361612-0,ภานุวิชญ์,สุวรรณ,16-03-2546,พุทธ,ปัญหาการได้ยิน,บริหารธุรกิจและเทคโนโลยีสารสนเทศ,การบัญชี,174535731164-6,2566
priyya.wrp@rmutto.ac.th,Cs12345678,411932797182-0,ปริญญา,วรพัฒน์,18-04-2547,อิสลาม,,บริหารธุรกิจและเทคโนโลยีสารสนเทศ,การบัญชี,467738310725-2,2567
kittiphngs.oph@rmutto.ac.th,Cs12345678,928893494684-7,กิตติพงษ์,อภิวัฒน์,5/3/2546,อิสลาม,ภูมิแพ้,บริหารธุรกิจและเทคโนโลยีสารสนเทศ,การบัญชี,366969416850-3,2566
sirinthr.cha@rmutto.ac.th,Cs12345678,689042154471-9,สิรินทร์,ชัชวาล,21-10-2547,ไม่ระบุ,,บริหารธุรกิจและเทคโนโลยีสารสนเทศ,การบัญชี,174535731164-6,2565
chutima.pha@rmutto.ac.th,Cs12345678,178951357151-7,ชุติมา,ภัทรเดช,6/1/2549,พุทธ,,บริหารธุรกิจและเทคโนโลยีสารสนเทศ,การบัญชี,467738310725-2,2566
oayyaratn.phu@rmutto.ac.th,Cs12345678,603949420746-7,อัญญารัตน์,ภู่ทอง,18-05-2547,พุทธ,,บริหารธุรกิจและเทคโนโลยีสารสนเทศ,การบัญชี,554688326168-0,2566
kittiphan.puw@rmutto.ac.th,Cs12345678,424221325260-9,กิตติพัฒน์,ปุณณวิช,20-10-2546,คริสต์,โรคเบาหวาน,บริหารธุรกิจและเทคโนโลยีสารสนเทศ,การบัญชี,431398638300-6,2566
nanthna.wic@rmutto.ac.th,Cs12345678,574225763286-3,นันทนา,วิชิต,25-09-2546,พุทธ,,บริหารธุรกิจและเทคโนโลยีสารสนเทศ,การบัญชี,431398638300-6,2566
oronngkh.wic@rmutto.ac.th,Cs12345678,546736156192-8,อรอนงค์,วิชชุวัฒน์,16-10-2544,พุทธ,,บริหารธุรกิจและเทคโนโลยีสารสนเทศ,การบัญชี,366969416850-3,2567
phimphchnk.awu@rmutto.ac.th,Cs12345678,579819137287-6,พิมพ์ชนก,ณัฐวุฒิ,23-12-2549,พุทธ,,บริหารธุรกิจและเทคโนโลยีสารสนเทศ,การบัญชี,366969416850-3,2565
ophiratn.oak@rmutto.ac.th,Cs12345678,828537164619-9,อภิรัตน์,อัครวัฒน์,20-01-2544,ไม่ระบุ,,บริหารธุรกิจและเทคโนโลยีสารสนเทศ,การบัญชี,366969416850-3,2567
jindaratnphr.sin@rmutto.ac.th,Cs12345678,454391374043-9,จินดารัตน์พร,สิงห์ทอง,23-08-2549,ไม่ระบุ,,บริหารธุรกิจและเทคโนโลยีสารสนเทศ,การบัญชี,431398638300-6,2567
nthi.puw@rmutto.ac.th,Cs12345678,261635763552-7,นที,ปุณณวิช,13-05-2547,ไม่ระบุ,,บริหารธุรกิจและเทคโนโลยีสารสนเทศ,การบัญชี,431398638300-6,2565
oaychuli.thn@rmutto.ac.th,Cs12345678,618833129377-8,อัญชุลี,ธนกร,17-09-2544,พุทธ,ปัญหาการมองเห็น,บริหารธุรกิจและเทคโนโลยีสารสนเทศ,การบัญชี,554688326168-0,2566
suthasini.wrc@rmutto.ac.th,Cs12345678,342268887116-0,สุธาสินี,วรชาติ,11/7/2546,คริสต์,โรคหอบหืด,บริหารธุรกิจและเทคโนโลยีสารสนเทศ,การบัญชี,467738310725-2,2567
wrutm.phi@rmutto.ac.th,Cs12345678,977060290465-3,วรุตม์,พีรพัฒน์,10/12/2543,คริสต์,ภูมิแพ้,บริหารธุรกิจและเทคโนโลยีสารสนเทศ,การบัญชี,431398638300-6,2566
jarui.sur@rmutto.ac.th,Cs12345678,522256658093-8,จารุณี,สุรศักดิ์,24-09-2543,ไม่ระบุ,โรคเบาหวาน,บริหารธุรกิจและเทคโนโลยีสารสนเทศ,การบัญชี,431398638300-6,2565
suriyratn.aek@rmutto.ac.th,Cs12345678,658306531930-1,สุรีย์รัตน์,แก้วใส,11/8/2546,อิสลาม,,บริหารธุรกิจและเทคโนโลยีสารสนเทศ,การบัญชี,174535731164-6,2565
wilawaly.sud@rmutto.ac.th,Cs12345678,910922235039-5,วิลาวัลย์,สุดใจ,4/1/2548,ไม่ระบุ,,บริหารธุรกิจและเทคโนโลยีสารสนเทศ,การบัญชี,366969416850-3,2566
ophirdi.wir@rmutto.ac.th,Cs12345678,109285546695-8,อภิรดี,วีระพงษ์,17-10-2543,พุทธ,,บริหารธุรกิจและเทคโนโลยีสารสนเทศ,การบัญชี,174535731164-6,2565
onant.onu@rmutto.ac.th,Cs12345678,694231934050-1,อนันต์,อนุชา,17-11-2549,พุทธ,,บริหารธุรกิจและเทคโนโลยีสารสนเทศ,การบัญชี,431398638300-6,2566
wichay.wic@rmutto.ac.th,Cs12345678,518386761036-7,วิชาญ,วิชิต,7/6/2548,ไม่ระบุ,ความดันโลหิตสูง,บริหารธุรกิจและเทคโนโลยีสารสนเทศ,การบัญชี,174535731164-6,2566
jintna.kul@rmutto.ac.th,Cs12345678,772942795545-9,จินตนา,กุลประเสริฐ,14-09-2545,ไม่ระบุ,,บริหารธุรกิจและเทคโนโลยีสารสนเทศ,การบัญชี,366969416850-3,2565
aphl.phn@rmutto.ac.th,Cs12345678,998124768200-4,ณัฐพล,พงศกร,2/6/2546,อิสลาม,โรคหอบหืด,บริหารธุรกิจและเทคโนโลยีสารสนเทศ,การบัญชี,467738310725-2,2566
kittiphngs.sur@rmutto.ac.th,Cs12345678,101058955313-2,กิตติพงษ์,สุริยะ,26-05-2549,พุทธ,โรคหัวใจ,บริหารธุรกิจและเทคโนโลยีสารสนเทศ,การบัญชี,174535731164-6,2565
wremth.kit@rmutto.ac.th,Cs12345678,184011870877-0,วรเมธ,กิตติภพ,2/9/2549,พุทธ,,บริหารธุรกิจและเทคโนโลยีสารสนเทศ,การบัญชี,366969416850-3,2565
pithan.oph@rmutto.ac.th,Cs12345678,663921878552-4,ปณิธาน,อภิชัย,5/7/2549,พุทธ,,บริหารธุรกิจและเทคโนโลยีสารสนเทศ,การบัญชี,174535731164-6,2565
suwlaks.thn@rmutto.ac.th,Cs12345678,740316712825-8,สุวลักษณ์,ธนากร,28-06-2544,อิสลาม,,บริหารธุรกิจและเทคโนโลยีสารสนเทศ,การบัญชี,431398638300-6,2565
thnkr.sri@rmutto.ac.th,Cs12345678,802419248091-7,ธนกร,ศรีสุวรรณ,20-08-2546,คริสต์,,บริหารธุรกิจและเทคโนโลยีสารสนเทศ,การบัญชี,366969416850-3,2567
nphdl.suw@rmutto.ac.th,Cs12345678,664374765493-8,นพดล,สุวรรณชัย,2/12/2549,คริสต์,,บริหารธุรกิจและเทคโนโลยีสารสนเทศ,การบัญชี,366969416850-3,2565
ktphph.pay@rmutto.ac.th,Cs12345678,828844139802-7,กฤตภพ,ปัญญา,24-12-2547,คริสต์,,บริหารธุรกิจและเทคโนโลยีสารสนเทศ,การบัญชี,174535731164-6,2566
phirphathr.thn@rmutto.ac.th,Cs12345678,725753776254-3,พีรภัทร์,ธนพงษ์,16-07-2545,พุทธ,ภูมิแพ้,บริหารธุรกิจและเทคโนโลยีสารสนเทศ,การบัญชี,467738310725-2,2565
priyya.oin@rmutto.ac.th,Cs12345678,860315165688-3,ปริญญา,อินทร์แก้ว,9/12/2548,ไม่ระบุ,,บริหารธุรกิจและเทคโนโลยีสารสนเทศ,การบัญชี,366969416850-3,2565
chutima.wrw@rmutto.ac.th,Cs12345678,673524836909-3,ชุติมา,วรวิชญ์,10/7/2546,อิสลาม,,บริหารธุรกิจและเทคโนโลยีสารสนเทศ,การบัญชี,467738310725-2,2565
thnphngs.thi@rmutto.ac.th,Cs12345678,360833671592-7,ธนพงษ์,ธีรพงศ์,12/11/2549,ไม่ระบุ,โรคหัวใจ,บริหารธุรกิจและเทคโนโลยีสารสนเทศ,การบัญชี,366969416850-3,2565
kantchay.puw@rmutto.ac.th,Cs12345678,924267992886-9,กานต์ชัย,ปุณณวิช,19-01-2544,คริสต์,ไมเกรน,บริหารธุรกิจและเทคโนโลยีสารสนเทศ,การบัญชี,554688326168-0,2565
jintphr.suk@rmutto.ac.th,Cs12345678,592815931185-0,จินตพร,สุขสวัสดิ์,18-02-2544,พุทธ,,บริหารธุรกิจและเทคโนโลยีสารสนเทศ,การบัญชี,366969416850-3,2565
ophichnanth.thn@rmutto.ac.th,Cs12345678,833839312500-4,อภิชนันท์,ธนากร,18-09-2546,พุทธ,ความดันโลหิตสูง,บริหารธุรกิจและเทคโนโลยีสารสนเทศ,การบัญชี,174535731164-6,2566
santisukh.thn@rmutto.ac.th,Cs12345678,366706463893-3,สันติสุข,ธนกฤต,21-12-2549,อิสลาม,โรคเบาหวาน,บริหารธุรกิจและเทคโนโลยีสารสนเทศ,การบัญชี,431398638300-6,2566
phirphl.sup@rmutto.ac.th,Cs12345678,313713416571-0,พีรพล,ศุภศักดิ์,15-04-2547,ไม่ระบุ,ปัญหาการมองเห็น,บริหารธุรกิจและเทคโนโลยีสารสนเทศ,การบัญชี,554688326168-0,2567
ophiraks.mon@rmutto.ac.th,Cs12345678,321463140095-3,อภิรักษ์,มโนชัย,19-06-2545,คริสต์,ปัญหาการมองเห็น,บริหารธุรกิจและเทคโนโลยีสารสนเทศ,การบัญชี,174535731164-6,2565
suwnanth.thi@rmutto.ac.th,Cs12345678,553451861184-1,สุวนันท์,ธีรเดช,8/9/2547,พุทธ,,บริหารธุรกิจและเทคโนโลยีสารสนเทศ,การบัญชี,431398638300-6,2566
wrwichy.phn@rmutto.ac.th,Cs12345678,567291231730-2,วรวิชญ์,พงศ์พันธ์,20-10-2549,คริสต์,ไมเกรน,บริหารธุรกิจและเทคโนโลยีสารสนเทศ,การบัญชี,366969416850-3,2565
phngsphathr.thn@rmutto.ac.th,Cs12345678,496480223559-4,พงศ์ภัทร,ธนพล,20-01-2545,ไม่ระบุ,,บริหารธุรกิจและเทคโนโลยีสารสนเทศ,การบัญชี ,830796292266-2,2565
pithan.oak@rmutto.ac.th,Cs12345678,146750364455-5,ปณิธาน,อัครพล,13-03-2547,ไม่ระบุ,โรคหัวใจ,บริหารธุรกิจและเทคโนโลยีสารสนเทศ,การบัญชี ,153499773324-8,2566
oayphachr.phn@rmutto.ac.th,Cs12345678,893889397448-6,อัญพัชร,พงศ์ศักดิ์,9/8/2547,อิสลาม,,บริหารธุรกิจและเทคโนโลยีสารสนเทศ,การบัญชี ,487773809679-4,2565
smchay.pri@rmutto.ac.th,Cs12345678,605850569561-9,สมชาย,ปริญญา,17-06-2544,อิสลาม,ความดันโลหิตสูง,บริหารธุรกิจและเทคโนโลยีสารสนเทศ,การบัญชี ,376448720378-9,2565
thwachphngs.sup@rmutto.ac.th,Cs12345678,512126249674-8,ธวัชพงศ์,ศุภชัย,2/2/2548,ไม่ระบุ,ความดันโลหิตสูง,บริหารธุรกิจและเทคโนโลยีสารสนเทศ,การบัญชี ,487773809679-4,2567
nphdl.eok@rmutto.ac.th,Cs12345678,482504127905-8,นพดล,เอกราช,12/2/2547,ไม่ระบุ,,บริหารธุรกิจและเทคโนโลยีสารสนเทศ,การบัญชี ,487773809679-4,2566
ophiratn.sup@rmutto.ac.th,Cs12345678,767950801525-8,อภิรัตน์,ศุภชัย,11/2/2547,อิสลาม,,บริหารธุรกิจและเทคโนโลยีสารสนเทศ,การบัญชี ,376448720378-9,2566
chaychay.wrc@rmutto.ac.th,Cs12345678,399658323574-0,ชาญชัย,วรชาติ,20-02-2546,ไม่ระบุ,,บริหารธุรกิจและเทคโนโลยีสารสนเทศ,การบัญชี ,830796292266-2,2566
sirichay.phn@rmutto.ac.th,Cs12345678,819661812314-7,ศิริชัย,พงศกร,26-02-2543,พุทธ,ปัญหาการมองเห็น,บริหารธุรกิจและเทคโนโลยีสารสนเทศ,การบัญชี ,830796292266-2,2567
sukayyaratn.phn@rmutto.ac.th,Cs12345678,438383864204-8,สุกัญญารัตน์,พงศกร,16-01-2544,พุทธ,,บริหารธุรกิจและเทคโนโลยีสารสนเทศ,การบัญชี ,910574237044-5,2565
sray.kit@rmutto.ac.th,Cs12345678,173269774382-2,ศรัณย์,กิตติภพ,14-11-2547,พุทธ,ปัญหาการมองเห็น,บริหารธุรกิจและเทคโนโลยีสารสนเทศ,การบัญชี ,910574237044-5,2567
suphichcha.thn@rmutto.ac.th,Cs12345678,529621218661-7,สุพิชชา,ธนากร,9/2/2547,ไม่ระบุ,,บริหารธุรกิจและเทคโนโลยีสารสนเทศ,การบัญชี ,153499773324-8,2566
oisra.kml@rmutto.ac.th,Cs12345678,840392355608-0,อิศรา,กมลวัฒน์,3/12/2544,พุทธ,ความดันโลหิตสูง,บริหารธุรกิจและเทคโนโลยีสารสนเทศ,การบัญชี ,910574237044-5,2567
thwachphngs.oph@rmutto.ac.th,Cs12345678,847713128744-4,ธวัชพงศ์,อภิพงษ์,16-08-2547,พุทธ,ปัญหาการได้ยิน,บริหารธุรกิจและเทคโนโลยีสารสนเทศ,การบัญชี ,830796292266-2,2567
kittiphngs.jak@rmutto.ac.th,Cs12345678,294360431427-2,กิตติพงษ์,จักรพงศ์,23-05-2543,พุทธ,โรคหอบหืด,บริหารธุรกิจและเทคโนโลยีสารสนเทศ,การบัญชี ,153499773324-8,2565
supha.kit@rmutto.ac.th,Cs12345678,304957251956-7,ศุภณัฐ,กิตติพงษ์,23-07-2544,พุทธ,โรคเบาหวาน,บริหารธุรกิจและเทคโนโลยีสารสนเทศ,การบัญชี ,910574237044-5,2567
wrrisa.suk@rmutto.ac.th,Cs12345678,521144214285-8,วรรณิศา,สุขใส,5/10/2543,อิสลาม,โรคเบาหวาน,บริหารธุรกิจและเทคโนโลยีสารสนเทศ,การบัญชี ,487773809679-4,2566
jiraphr.phu@rmutto.ac.th,Cs12345678,608916110158-3,จิราพร,ภู่ทอง,3/2/2548,พุทธ,,บริหารธุรกิจและเทคโนโลยีสารสนเทศ,การบัญชี ,487773809679-4,2565
suphwan.pha@rmutto.ac.th,Cs12345678,458372561544-4,ศุภวัฒน์,ภักดี,1/11/2549,คริสต์,ไมเกรน,บริหารธุรกิจและเทคโนโลยีสารสนเทศ,การบัญชี ,376448720378-9,2566
dnay.aph@rmutto.ac.th,Cs12345678,434393787957-0,ดนัย,ณัฐพล,27-01-2549,พุทธ,,บริหารธุรกิจและเทคโนโลยีสารสนเทศ,การบัญชี ,153499773324-8,2567
jindaratn.thn@rmutto.ac.th,Cs12345678,589165999513-8,จินดารัตน์,ธนากร,22-01-2547,ไม่ระบุ,,บริหารธุรกิจและเทคโนโลยีสารสนเทศ,การบัญชี ,376448720378-9,2566
ichapha.phu@rmutto.ac.th,Cs12345678,783466875395-6,ณิชาภา,ภูมิพงษ์,28-04-2549,คริสต์,,บริหารธุรกิจและเทคโนโลยีสารสนเทศ,การบัญชี ,910574237044-5,2566
piywdi.cha@rmutto.ac.th,Cs12345678,253017473835-1,ปิยวดี,ฉัตรชัย,16-05-2546,อิสลาม,,บริหารธุรกิจและเทคโนโลยีสารสนเทศ,การบัญชี ,910574237044-5,2565
srawui.sth@rmutto.ac.th,Cs12345678,230346402563-5,ศราวุฒิ,สถิตย์,11/5/2549,คริสต์,ปัญหาการได้ยิน,บริหารธุรกิจและเทคโนโลยีสารสนเทศ,การบัญชี ,376448720378-9,2567
thiryuthth.khn@rmutto.ac.th,Cs12345678,426622591162-0,ธีรยุทธ,คงเดช,11/8/2547,คริสต์,ไมเกรน,บริหารธุรกิจและเทคโนโลยีสารสนเทศ,การบัญชี ,376448720378-9,2565
phathr.ks@rmutto.ac.th,Cs12345678,444647798408-9,ภัทร,กฤษณ์,15-04-2543,พุทธ,,บริหารธุรกิจและเทคโนโลยีสารสนเทศ,การบัญชี ,830796292266-2,2567
ophichy.thn@rmutto.ac.th,Cs12345678,873180819929-5,อภิชญ์,ธนกฤต,25-09-2543,ไม่ระบุ,โรคเบาหวาน,บริหารธุรกิจและเทคโนโลยีสารสนเทศ,การบัญชี ,910574237044-5,2567
ophichay.wrp@rmutto.ac.th,Cs12345678,314832123708-1,อภิชัย,วรพัฒน์,25-08-2549,พุทธ,ภูมิแพ้,บริหารธุรกิจและเทคโนโลยีสารสนเทศ,การบัญชี ,910574237044-5,2567
sukayya.piy@rmutto.ac.th,Cs12345678,911574583980-7,สุกัญญา,ปิยวัฒน์,4/9/2547,พุทธ,โรคเบาหวาน,บริหารธุรกิจและเทคโนโลยีสารสนเทศ,การบัญชี ,830796292266-2,2565
oakhrphl.kit@rmutto.ac.th,Cs12345678,930106606668-2,อัครพล,กิตติพงษ์,15-06-2547,คริสต์,,บริหารธุรกิจและเทคโนโลยีสารสนเทศ,การบัญชี ,376448720378-9,2566
siththiphngs.wrw@rmutto.ac.th,Cs12345678,963944433467-3,สิทธิพงษ์,วรวิชญ์,1/7/2549,อิสลาม,โรคหอบหืด,บริหารธุรกิจและเทคโนโลยีสารสนเทศ,การบัญชี ,487773809679-4,2565
jindapha.sin@rmutto.ac.th,Cs12345678,106956263176-5,จินดาภา,สิงห์ทอง,9/12/2543,อิสลาม,โรคเบาหวาน,บริหารธุรกิจและเทคโนโลยีสารสนเทศ,การบัญชี ,487773809679-4,2567
jintna.wis@rmutto.ac.th,Cs12345678,352259289934-4,จินตนา,วิศรุต,17-08-2547,ไม่ระบุ,,บริหารธุรกิจและเทคโนโลยีสารสนเทศ,การบัญชี ,376448720378-9,2565
wichay.pha@rmutto.ac.th,Cs12345678,971883956205-7,วิชาญ,ภักดี,24-02-2546,คริสต์,ไมเกรน,บริหารธุรกิจและเทคโนโลยีสารสนเทศ,การบัญชี ,153499773324-8,2565
suwnanth.phu@rmutto.ac.th,Cs12345678,353936498404-5,สุวนันท์,ภูมิพงษ์,13-02-2544,อิสลาม,,บริหารธุรกิจและเทคโนโลยีสารสนเทศ,การบัญชี ,830796292266-2,2567
jintpha.mir@rmutto.ac.th,Cs12345678,809949843450-3,จินตภา,มณีรัตน์,26-06-2543,พุทธ,,บริหารธุรกิจและเทคโนโลยีสารสนเทศ,การบัญชี ,487773809679-4,2565
wrwithy.wrp@rmutto.ac.th,Cs12345678,846349924889-5,วรวิทย์,วรพงษ์,15-02-2548,อิสลาม,,บริหารธุรกิจและเทคโนโลยีสารสนเทศ,การบัญชี ,830796292266-2,2566
jirphph.thn@rmutto.ac.th,Cs12345678,584879326002-4,จิรภพ,ธนากร,15-11-2547,ไม่ระบุ,,บริหารธุรกิจและเทคโนโลยีสารสนเทศ,การบัญชี ,487773809679-4,2565
aphngs.phr@rmutto.ac.th,Cs12345678,240305412165-8,ณัฐพงษ์,พรหมศักดิ์,13-01-2546,อิสลาม,,บริหารธุรกิจและเทคโนโลยีสารสนเทศ,การบัญชี ,153499773324-8,2566
siththichay.wrw@rmutto.ac.th,Cs12345678,800721416898-8,สิทธิชัย,วรวิทย์,27-03-2544,อิสลาม,โรคหอบหืด,บริหารธุรกิจและเทคโนโลยีสารสนเทศ,การบัญชี ,910574237044-5,2567
oakhrphngs.wre@rmutto.ac.th,Cs12345678,116783671389-7,อัครพงศ์,วรเกียรติ,18-10-2545,อิสลาม,ภูมิแพ้,บริหารธุรกิจและเทคโนโลยีสารสนเทศ,การบัญชี ,830796292266-2,2566
ssithr.jir@rmutto.ac.th,Cs12345678,867746425604-9,ศศิธร,จิรภพ,12/3/2548,ไม่ระบุ,ความดันโลหิตสูง,บริหารธุรกิจและเทคโนโลยีสารสนเทศ,การบัญชี ,153499773324-8,2566
sakda.kit@rmutto.ac.th,Cs12345678,648982583605-3,ศักดา,กิตติศักดิ์,19-04-2548,ไม่ระบุ,โรคหัวใจ,บริหารธุรกิจและเทคโนโลยีสารสนเทศ,การบัญชี ,153499773324-8,2566
suphrri.sup@rmutto.ac.th,Cs12345678,193622699190-1,สุพรรณี,ศุภชัย,8/3/2547,อิสลาม,ความดันโลหิตสูง,บริหารธุรกิจและเทคโนโลยีสารสนเทศ,การบัญชี ,910574237044-5,2565
jiraratn.wrp@rmutto.ac.th,Cs12345678,614363365535-1,จิรารัตน์,วรพล,12/5/2549,พุทธ,ความดันโลหิตสูง,บริหารธุรกิจและเทคโนโลยีสารสนเทศ,การบัญชี ,830796292266-2,2565
jaruwrr.sri@rmutto.ac.th,Cs12345678,778331771785-3,จารุวรรณ,ศรีสุวรรณ,15-08-2543,ไม่ระบุ,,บริหารธุรกิจและเทคโนโลยีสารสนเทศ,การบัญชี ,376448720378-9,2567
suwrri.sir@rmutto.ac.th,Cs12345678,930244112386-3,สุวรรณี,ศิริวัฒน์,18-03-2547,คริสต์,โรคเบาหวาน,บริหารธุรกิจและเทคโนโลยีสารสนเทศ,การบัญชี ,830796292266-2,2566
pmphph.mon@rmutto.ac.th,Cs12345678,146973334105-0,ปฐมภพ,มโนชัย,12/6/2545,อิสลาม,ความดันโลหิตสูง,บริหารธุรกิจและเทคโนโลยีสารสนเทศ,การบัญชี ,487773809679-4,2567
wrali.sur@rmutto.ac.th,Cs12345678,947246743952-3,วราลี,สุรศักดิ์,28-01-2546,คริสต์,,บริหารธุรกิจและเทคโนโลยีสารสนเทศ,การบัญชี ,910574237044-5,2565
oayphachr.phu@rmutto.ac.th,Cs12345678,238729240846-2,อัญพัชร,ภูมิพงษ์,20-11-2544,ไม่ระบุ,โรคเบาหวาน,บริหารธุรกิจและเทคโนโลยีสารสนเทศ,การบัญชี ,910574237044-5,2565
jiraphr.oak@rmutto.ac.th,Cs12345678,697668109251-8,จิราภรณ์,อัครวัฒน์,26-02-2547,พุทธ,,บริหารธุรกิจและเทคโนโลยีสารสนเทศ,การบัญชี ,830796292266-2,2566
oayya.cha@rmutto.ac.th,Cs12345678,481623942862-1,อัญญา,ชัยวัฒนา,15-10-2546,ไม่ระบุ,โรคหัวใจ,บริหารธุรกิจและเทคโนโลยีสารสนเทศ,การบัญชี ,910574237044-5,2566
parichati.swa@rmutto.ac.th,Cs12345678,855850836498-4,ปาริชาติ,สวัสดิ์สุข,23-03-2549,คริสต์,ความดันโลหิตสูง,บริหารธุรกิจและเทคโนโลยีสารสนเทศ,การบัญชี ,910574237044-5,2566
suphchay.phi@rmutto.ac.th,Cs12345678,526194678961-6,ศุภชัย,พีรพล,24-07-2548,คริสต์,,บริหารธุรกิจและเทคโนโลยีสารสนเทศ,การบัญชี ,487773809679-4,2565
srawui.sri@rmutto.ac.th,Cs12345678,165555499335-1,ศราวุฒิ,ศรีมงคล,20-06-2549,อิสลาม,,บริหารธุรกิจและเทคโนโลยีสารสนเทศ,การบัญชี ,487773809679-4,2565
phathr.pay@rmutto.ac.th,Cs12345678,120728147577-8,ภัทร,ปัญญาดี,25-11-2545,อิสลาม,,บริหารธุรกิจและเทคโนโลยีสารสนเทศ,การบัญชี ,153499773324-8,2567
phirphan.buy@rmutto.ac.th,Cs12345678,884699729979-8,พีรพัฒน์,บุญญฤทธิ์,14-06-2549,พุทธ,โรคหัวใจ,บริหารธุรกิจและเทคโนโลยีสารสนเทศ,การบัญชี ,830796292266-2,2567
smbur.pha@rmutto.ac.th,Cs12345678,937420210002-4,สมบูรณ์,ภานุวัฒน์,24-04-2547,คริสต์,โรคเบาหวาน,บริหารธุรกิจและเทคโนโลยีสารสนเทศ,การบัญชี ,153499773324-8,2567
kongphph.khu@rmutto.ac.th,Cs12345678,217532391520-3,ก้องภพ,คุ้มวงศ์,11/6/2549,ไม่ระบุ,โรคหัวใจ,บริหารธุรกิจและเทคโนโลยีสารสนเทศ,การบัญชี ,487773809679-4,2565
suphwan.wrw@rmutto.ac.th,Cs12345678,140008870516-7,ศุภวัฒน์,วรวิทย์,23-04-2545,ไม่ระบุ,,บริหารธุรกิจและเทคโนโลยีสารสนเทศ,การบัญชี ,153499773324-8,2566
phimphaij.thn@rmutto.ac.th,Cs12345678,297492935592-1,พิมพ์ใจ,ธนกฤต,16-05-2544,อิสลาม,ไมเกรน,บริหารธุรกิจและเทคโนโลยีสารสนเทศ,การบัญชี ,487773809679-4,2566
phathrphl.nam@rmutto.ac.th,Cs12345678,588089985570-2,ภัทรพล,นามวงศ์,13-12-2544,อิสลาม,ปัญหาการได้ยิน,บริหารธุรกิจและเทคโนโลยีสารสนเทศ,การบัญชี ,910574237044-5,2565
ichapha.cha@rmutto.ac.th,Cs12345678,302034859434-6,ณิชาภา,ชัยวัฒนา,24-05-2549,อิสลาม,,บริหารธุรกิจและเทคโนโลยีสารสนเทศ,การบัญชี ,910574237044-5,2566
oaychnari.thr@rmutto.ac.th,Cs12345678,106158737739-5,อัญชนารี,ธรรมโชติ,23-06-2547,คริสต์,,บริหารธุรกิจและเทคโนโลยีสารสนเทศ,การบัญชี ,153499773324-8,2565
chnikant.phi@rmutto.ac.th,Cs12345678,545384318828-5,ชนิกานต์,พีรพงษ์,27-06-2546,คริสต์,,บริหารธุรกิจและเทคโนโลยีสารสนเทศ,การบัญชี ,153499773324-8,2566
kmlchnk.thn@rmutto.ac.th,Cs12345678,720477388751-8,กมลชนก,ธนาธิป,1/12/2543,ไม่ระบุ,ปัญหาการมองเห็น,บริหารธุรกิจและเทคโนโลยีสารสนเทศ,การบัญชี ,830796292266-2,2567
phumi.pha@rmutto.ac.th,Cs12345678,156355707060-7,ภูมิ,ภานุวิชญ์,28-03-2549,ไม่ระบุ,ความดันโลหิตสูง,บริหารธุรกิจและเทคโนโลยีสารสนเทศ,การบัญชี ,376448720378-9,2565
chinwatr.sup@rmutto.ac.th,Cs12345678,650310944582-8,ชินวัตร,ศุภศักดิ์,3/8/2545,ไม่ระบุ,,บริหารธุรกิจและเทคโนโลยีสารสนเทศ,การบัญชี ,910574237044-5,2565
puika.phi@rmutto.ac.th,Cs12345678,604069505083-7,ปุณิกา,พีรพล,15-12-2545,พุทธ,โรคหัวใจ,บริหารธุรกิจและเทคโนโลยีสารสนเทศ,การบัญชี ,487773809679-4,2566
thnida.oph@rmutto.ac.th,Cs12345678,866385309340-2,ธนิดา,อภิชาติ,1/5/2548,อิสลาม,โรคหัวใจ,บริหารธุรกิจและเทคโนโลยีสารสนเทศ,การบัญชี ,910574237044-5,2566
suwichcha.thn@rmutto.ac.th,Cs12345678,334990972145-9,สุวิชชา,ธนกุล,26-02-2549,พุทธ,,บริหารธุรกิจและเทคโนโลยีสารสนเทศ,การโฆษณาและประชาสัมพันธ์,892072255870-0,2567
oariratn.thn@rmutto.ac.th,Cs12345678,196368994277-8,อารีรัตน์,ธนวัฒน์,3/1/2543,คริสต์,,บริหารธุรกิจและเทคโนโลยีสารสนเทศ,การโฆษณาและประชาสัมพันธ์,950523919547-6,2565
phrthiphy.thn@rmutto.ac.th,Cs12345678,139466849333-8,พรทิพย์,ธนากร,14-09-2547,พุทธ,,บริหารธุรกิจและเทคโนโลยีสารสนเทศ,การโฆษณาและประชาสัมพันธ์,950523919547-6,2566
jindaphr.oak@rmutto.ac.th,Cs12345678,345537284520-5,จินดาภร,อัครพล,19-02-2549,พุทธ,โรคหอบหืด,บริหารธุรกิจและเทคโนโลยีสารสนเทศ,การโฆษณาและประชาสัมพันธ์,525054465882-6,2565
buysng.pha@rmutto.ac.th,Cs12345678,664799736808-6,บุญส่ง,ภานุวิชญ์,18-08-2543,ไม่ระบุ,โรคหัวใจ,บริหารธุรกิจและเทคโนโลยีสารสนเทศ,การโฆษณาและประชาสัมพันธ์,892072255870-0,2565
wrwichy.chw@rmutto.ac.th,Cs12345678,424002115494-7,วรวิชญ์,ชวลิต,6/11/2544,อิสลาม,โรคหัวใจ,บริหารธุรกิจและเทคโนโลยีสารสนเทศ,การโฆษณาและประชาสัมพันธ์,400189081662-8,2567
phumiwan.thn@rmutto.ac.th,Cs12345678,396177989397-8,ภูมิวัฒน์,ธนากร,17-12-2545,พุทธ,,บริหารธุรกิจและเทคโนโลยีสารสนเทศ,การโฆษณาและประชาสัมพันธ์,525054465882-6,2567
raphngs.oru@rmutto.ac.th,Cs12345678,499056415738-7,รัฐพงษ์,อรุณวงศ์,20-01-2549,พุทธ,,บริหารธุรกิจและเทคโนโลยีสารสนเทศ,การโฆษณาและประชาสัมพันธ์,400189081662-8,2566
chamnay.thn@rmutto.ac.th,Cs12345678,307300384301-0,ชำนาญ,ธนวัฒน์,19-01-2546,คริสต์,โรคหัวใจ,บริหารธุรกิจและเทคโนโลยีสารสนเทศ,การโฆษณาและประชาสัมพันธ์,892072255870-0,2565
wrakr.wre@rmutto.ac.th,Cs12345678,138957120409-8,วรากร,วรเกียรติ,5/9/2547,คริสต์,,บริหารธุรกิจและเทคโนโลยีสารสนเทศ,การโฆษณาและประชาสัมพันธ์,400189081662-8,2567
supha.thn@rmutto.ac.th,Cs12345678,678856781483-7,ศุภณัฐ,ธนากร,18-11-2545,อิสลาม,ไมเกรน,บริหารธุรกิจและเทคโนโลยีสารสนเทศ,การโฆษณาและประชาสัมพันธ์,394665045778-3,2565
ophichya.ks@rmutto.ac.th,Cs12345678,926781330651-5,อภิชญา,กฤษณ์,9/2/2545,ไม่ระบุ,โรคเบาหวาน,บริหารธุรกิจและเทคโนโลยีสารสนเทศ,การโฆษณาและประชาสัมพันธ์,892072255870-0,2566
wisrut.thn@rmutto.ac.th,Cs12345678,951204323802-5,วิศรุต,ธนวัฒน์,8/6/2546,คริสต์,โรคหัวใจ,บริหารธุรกิจและเทคโนโลยีสารสนเทศ,การโฆษณาและประชาสัมพันธ์,892072255870-0,2565
kayyaratn.wrp@rmutto.ac.th,Cs12345678,657253492008-1,กัญญารัตน์,วรพงษ์,27-03-2547,พุทธ,,บริหารธุรกิจและเทคโนโลยีสารสนเทศ,การโฆษณาและประชาสัมพันธ์,525054465882-6,2567
jiraphr.kit@rmutto.ac.th,Cs12345678,886760149146-9,จิราพร,กิตติพงศ์,9/11/2545,ไม่ระบุ,โรคเบาหวาน,บริหารธุรกิจและเทคโนโลยีสารสนเทศ,การโฆษณาและประชาสัมพันธ์,394665045778-3,2567
jirphngs.khj@rmutto.ac.th,Cs12345678,926014134852-0,จิรพงศ์,ขจรศักดิ์,9/7/2547,อิสลาม,ไมเกรน,บริหารธุรกิจและเทคโนโลยีสารสนเทศ,การโฆษณาและประชาสัมพันธ์,525054465882-6,2566
kittiphngs.suk@rmutto.ac.th,Cs12345678,277240454403-0,กิตติพงษ์,สุขสวัสดิ์,13-10-2547,พุทธ,ภูมิแพ้,บริหารธุรกิจและเทคโนโลยีสารสนเทศ,การโฆษณาและประชาสัมพันธ์,950523919547-6,2567
kantchay.thn@rmutto.ac.th,Cs12345678,453994815664-7,กานต์ชัย,ธนากร,25-01-2545,พุทธ,ความดันโลหิตสูง,บริหารธุรกิจและเทคโนโลยีสารสนเทศ,การโฆษณาและประชาสัมพันธ์,525054465882-6,2567
thnakr.phi@rmutto.ac.th,Cs12345678,674684120466-7,ธนากร,พีรพล,9/9/2544,อิสลาม,,บริหารธุรกิจและเทคโนโลยีสารสนเทศ,การโฆษณาและประชาสัมพันธ์,394665045778-3,2567
suwiml.phu@rmutto.ac.th,Cs12345678,414508534420-0,สุวิมล,พูนทรัพย์,1/12/2548,พุทธ,โรคหอบหืด,บริหารธุรกิจและเทคโนโลยีสารสนเทศ,การโฆษณาและประชาสัมพันธ์,892072255870-0,2567
santisukh.wng@rmutto.ac.th,Cs12345678,838588631878-0,สันติสุข,วงษ์สุวรรณ,5/10/2549,ไม่ระบุ,,บริหารธุรกิจและเทคโนโลยีสารสนเทศ,การโฆษณาและประชาสัมพันธ์,394665045778-3,2566
jiraphr.phu@rmutto.ac.th,Cs12345678,891086981821-7,จิราพร,ภูมิวัฒน์,14-07-2548,คริสต์,,บริหารธุรกิจและเทคโนโลยีสารสนเทศ,การโฆษณาและประชาสัมพันธ์,892072255870-0,2567
phkhphl.sup@rmutto.ac.th,Cs12345678,160885340692-4,ภคพล,ศุภชัย,2/4/2545,คริสต์,โรคหอบหืด,บริหารธุรกิจและเทคโนโลยีสารสนเทศ,การโฆษณาและประชาสัมพันธ์,394665045778-3,2566
raphngs.phi@rmutto.ac.th,Cs12345678,310888802766-1,รัฐพงษ์,พีรพัฒน์,17-05-2549,อิสลาม,ความดันโลหิตสูง,บริหารธุรกิจและเทคโนโลยีสารสนเทศ,การโฆษณาและประชาสัมพันธ์,950523919547-6,2565
thnakr.wrw@rmutto.ac.th,Cs12345678,281149288050-7,ธนากร,วรวิทย์,14-11-2544,คริสต์,โรคหอบหืด,บริหารธุรกิจและเทคโนโลยีสารสนเทศ,การโฆษณาและประชาสัมพันธ์,394665045778-3,2567
nrinthr.pha@rmutto.ac.th,Cs12345678,613173599645-9,นรินทร์,ภานุพงษ์,9/2/2547,คริสต์,,บริหารธุรกิจและเทคโนโลยีสารสนเทศ,การโฆษณาและประชาสัมพันธ์,394665045778-3,2565
thnkt.kul@rmutto.ac.th,Cs12345678,941675374456-8,ธนกฤต,กุลประเสริฐ,2/12/2548,ไม่ระบุ,ความดันโลหิตสูง,บริหารธุรกิจและเทคโนโลยีสารสนเทศ,การโฆษณาและประชาสัมพันธ์,950523919547-6,2567
nanthna.aes@rmutto.ac.th,Cs12345678,467242677792-1,นันทนา,แสงทอง,8/7/2547,พุทธ,โรคเบาหวาน,บริหารธุรกิจและเทคโนโลยีสารสนเทศ,การโฆษณาและประชาสัมพันธ์,892072255870-0,2566
phumiwan.cha@rmutto.ac.th,Cs12345678,926105253258-4,ภูมิวัฒน์,ชำนาญ,20-04-2548,ไม่ระบุ,โรคหอบหืด,บริหารธุรกิจและเทคโนโลยีสารสนเทศ,การโฆษณาและประชาสัมพันธ์,950523919547-6,2565
suwrri.pha@rmutto.ac.th,Cs12345678,346326519195-8,สุวรรณี,ภานุวัฒน์,16-09-2549,อิสลาม,ปัญหาการได้ยิน,บริหารธุรกิจและเทคโนโลยีสารสนเทศ,การโฆษณาและประชาสัมพันธ์,950523919547-6,2565
suphwan.sak@rmutto.ac.th,Cs12345678,165236445322-9,ศุภวัฒน์,ศักดิ์สิทธิ์,11/5/2549,ไม่ระบุ,,บริหารธุรกิจและเทคโนโลยีสารสนเทศ,การโฆษณาและประชาสัมพันธ์,394665045778-3,2567
pithan.jir@rmutto.ac.th,Cs12345678,140014297902-4,ปณิธาน,จิรพงศ์,13-10-2545,คริสต์,,บริหารธุรกิจและเทคโนโลยีสารสนเทศ,การโฆษณาและประชาสัมพันธ์,892072255870-0,2567
thnkr.wir@rmutto.ac.th,Cs12345678,482981170103-8,ธนกร,วีระพงษ์,23-01-2545,ไม่ระบุ,โรคหัวใจ,บริหารธุรกิจและเทคโนโลยีสารสนเทศ,การโฆษณาและประชาสัมพันธ์,950523919547-6,2565
oaychali.oak@rmutto.ac.th,Cs12345678,124929174299-6,อัญชาลี,อัครวัฒน์,8/8/2547,อิสลาม,ปัญหาการมองเห็น,บริหารธุรกิจและเทคโนโลยีสารสนเทศ,การโฆษณาและประชาสัมพันธ์,892072255870-0,2565
jiraphr.oph@rmutto.ac.th,Cs12345678,110129896194-5,จิราภร,อภิชาติ,8/3/2549,ไม่ระบุ,ภูมิแพ้,บริหารธุรกิจและเทคโนโลยีสารสนเทศ,การโฆษณาและประชาสัมพันธ์,892072255870-0,2567
phirphathr.wrp@rmutto.ac.th,Cs12345678,962846690267-6,พีรภัทร์,วรพัฒน์,5/8/2547,คริสต์,โรคหัวใจ,บริหารธุรกิจและเทคโนโลยีสารสนเทศ,การโฆษณาและประชาสัมพันธ์,394665045778-3,2567
ophichay.ois@rmutto.ac.th,Cs12345678,340711116831-0,อภิชัย,อิศรา,24-10-2548,พุทธ,โรคหัวใจ,บริหารธุรกิจและเทคโนโลยีสารสนเทศ,การโฆษณาและประชาสัมพันธ์,400189081662-8,2566
wrayya.sup@rmutto.ac.th,Cs12345678,695335251084-9,วรัญญา,ศุภศักดิ์,15-02-2543,พุทธ,ปัญหาการได้ยิน,บริหารธุรกิจและเทคโนโลยีสารสนเทศ,การโฆษณาและประชาสัมพันธ์,950523919547-6,2566
siththisakdi.phi@rmutto.ac.th,Cs12345678,840485801523-9,สิทธิศักดิ์,พีรพัฒน์,14-10-2549,คริสต์,ปัญหาการมองเห็น,บริหารธุรกิจและเทคโนโลยีสารสนเทศ,การโฆษณาและประชาสัมพันธ์,400189081662-8,2567
wiaillaks.pha@rmutto.ac.th,Cs12345678,476160969659-2,วิไลลักษณ์,ภานุวิชญ์,10/7/2546,พุทธ,,บริหารธุรกิจและเทคโนโลยีสารสนเทศ,การโฆษณาและประชาสัมพันธ์,892072255870-0,2567
oayphachr.oph@rmutto.ac.th,Cs12345678,212095882177-2,อัญพัชร,อภิชัย,25-03-2543,พุทธ,โรคเบาหวาน,บริหารธุรกิจและเทคโนโลยีสารสนเทศ,การโฆษณาและประชาสัมพันธ์,892072255870-0,2565
kittiphngs.wrc@rmutto.ac.th,Cs12345678,346671708087-2,กิตติพงษ์,วรชาติ,13-01-2544,ไม่ระบุ,,บริหารธุรกิจและเทคโนโลยีสารสนเทศ,การโฆษณาและประชาสัมพันธ์,394665045778-3,2565
thwach.wrw@rmutto.ac.th,Cs12345678,259783302208-6,ธวัช,วรวิทย์,2/11/2546,อิสลาม,โรคหัวใจ,บริหารธุรกิจและเทคโนโลยีสารสนเทศ,การโฆษณาและประชาสัมพันธ์,892072255870-0,2566
jintna.phu@rmutto.ac.th,Cs12345678,134776485333-5,จินตนา,พูนสิน,13-11-2546,คริสต์,โรคหอบหืด,บริหารธุรกิจและเทคโนโลยีสารสนเทศ,การโฆษณาและประชาสัมพันธ์,394665045778-3,2565
phathredch.sud@rmutto.ac.th,Cs12345678,365902324611-2,ภัทรเดช,สุดใจ,25-07-2547,คริสต์,,บริหารธุรกิจและเทคโนโลยีสารสนเทศ,การโฆษณาและประชาสัมพันธ์,400189081662-8,2567
suphisra.wrp@rmutto.ac.th,Cs12345678,894249491365-6,ศุภิสรา,วรพล,18-01-2545,อิสลาม,ปัญหาการได้ยิน,บริหารธุรกิจและเทคโนโลยีสารสนเทศ,การโฆษณาและประชาสัมพันธ์,892072255870-0,2566
suphin.buy@rmutto.ac.th,Cs12345678,621424634376-8,สุพิน,บุญมี,4/4/2544,พุทธ,,บริหารธุรกิจและเทคโนโลยีสารสนเทศ,การโฆษณาและประชาสัมพันธ์,950523919547-6,2566
suphatra.onu@rmutto.ac.th,Cs12345678,933972706991-2,สุพัตรา,อนุรักษ์,14-09-2545,ไม่ระบุ,ปัญหาการได้ยิน,บริหารธุรกิจและเทคโนโลยีสารสนเทศ,การโฆษณาและประชาสัมพันธ์,950523919547-6,2567
nbdinthr.kit@rmutto.ac.th,Cs12345678,225727571056-1,นฤบดินทร์,กิตติพงษ์,1/8/2543,พุทธ,,บริหารธุรกิจและเทคโนโลยีสารสนเทศ,การโฆษณาและประชาสัมพันธ์,525054465882-6,2565
aphngs.phn@rmutto.ac.th,Cs12345678,222594646763-7,ณัฐพงษ์,พงษ์ศักดิ์,20-05-2548,พุทธ,,บริหารธุรกิจและเทคโนโลยีสารสนเทศ,การโฆษณาและประชาสัมพันธ์,400189081662-8,2566
aphngs.wre@rmutto.ac.th,Cs12345678,251797927310-6,ณัฐพงษ์,วรเมธ,1/4/2546,ไม่ระบุ,โรคเบาหวาน,บริหารธุรกิจและเทคโนโลยีสารสนเทศ,การโฆษณาและประชาสัมพันธ์,394665045778-3,2566
siwkr.sup@rmutto.ac.th,Cs12345678,727565498348-9,ศิวกร,ศุภชัย,23-07-2547,ไม่ระบุ,ปัญหาการมองเห็น,บริหารธุรกิจและเทคโนโลยีสารสนเทศ,การโฆษณาและประชาสัมพันธ์,400189081662-8,2567
jiraphr.cha@rmutto.ac.th,Cs12345678,202634989617-4,จิราพร,ชัยวัฒนา,24-03-2543,อิสลาม,โรคเบาหวาน,บริหารธุรกิจและเทคโนโลยีสารสนเทศ,การโฆษณาและประชาสัมพันธ์,950523919547-6,2565
thnakr.sir@rmutto.ac.th,Cs12345678,996712513766-1,ธนากร,ศิริพงษ์,19-06-2547,ไม่ระบุ,,บริหารธุรกิจและเทคโนโลยีสารสนเทศ,การโฆษณาและประชาสัมพันธ์,950523919547-6,2566
phkhphl.oph@rmutto.ac.th,Cs12345678,340530876787-3,ภคพล,อภิชาติ,18-07-2548,อิสลาม,ภูมิแพ้,บริหารธุรกิจและเทคโนโลยีสารสนเทศ,การโฆษณาและประชาสัมพันธ์,892072255870-0,2566
nrinthr.chi@rmutto.ac.th,Cs12345678,666818953817-5,นรินทร์,ชินวัตร,7/11/2546,ไม่ระบุ,โรคหอบหืด,บริหารธุรกิจและเทคโนโลยีสารสนเทศ,การโฆษณาและประชาสัมพันธ์,525054465882-6,2565
oiththiphl.thn@rmutto.ac.th,Cs12345678,705727149105-3,อิทธิพล,ธนพงษ์,23-05-2545,ไม่ระบุ,โรคเบาหวาน,บริหารธุรกิจและเทคโนโลยีสารสนเทศ,การโฆษณาและประชาสัมพันธ์,525054465882-6,2565
oaychnari.wrp@rmutto.ac.th,Cs12345678,143370153066-7,อัญชนารี,วรพัฒน์,2/1/2547,ไม่ระบุ,โรคหอบหืด,บริหารธุรกิจและเทคโนโลยีสารสนเทศ,มัลติมีเดีย,145886712980-2,2567
suphrri.kit@rmutto.ac.th,Cs12345678,469188843982-6,สุพรรณี,กิตติศักดิ์,15-12-2548,ไม่ระบุ,ปัญหาการได้ยิน,บริหารธุรกิจและเทคโนโลยีสารสนเทศ,มัลติมีเดีย,783985492737-8,2565
suphaphr.phn@rmutto.ac.th,Cs12345678,919241497386-2,สุภาพร,พงศกร,17-04-2545,ไม่ระบุ,ปัญหาการมองเห็น,บริหารธุรกิจและเทคโนโลยีสารสนเทศ,มัลติมีเดีย,145886712980-2,2566
wisrut.sup@rmutto.ac.th,Cs12345678,692572781351-0,วิศรุต,สุภัทร,9/2/2549,พุทธ,โรคหัวใจ,บริหารธุรกิจและเทคโนโลยีสารสนเทศ,มัลติมีเดีย,783985492737-8,2566
suphaphr.sit@rmutto.ac.th,Cs12345678,668762452874-5,สุภาพร,สิทธิชัย,6/7/2543,พุทธ,,บริหารธุรกิจและเทคโนโลยีสารสนเทศ,มัลติมีเดีย,783985492737-8,2567
thirphan.suk@rmutto.ac.th,Cs12345678,206540780779-9,ธีรพัฒน์,สุขสวัสดิ์,15-04-2548,ไม่ระบุ,,บริหารธุรกิจและเทคโนโลยีสารสนเทศ,มัลติมีเดีย,145886712980-2,2565
wrutm.phi@rmutto.ac.th,Cs12345678,847413971176-9,วรุตม์,พีรพล,26-05-2548,ไม่ระบุ,,บริหารธุรกิจและเทคโนโลยีสารสนเทศ,มัลติมีเดีย,145886712980-2,2567
jirphan.swa@rmutto.ac.th,Cs12345678,585015471535-5,จิรพัฒน์,สวัสดิ์สุข,24-12-2546,อิสลาม,,บริหารธุรกิจและเทคโนโลยีสารสนเทศ,มัลติมีเดีย,783985492737-8,2567
jaruratn.sup@rmutto.ac.th,Cs12345678,141613805099-8,จารุรัตน์,ศุภศักดิ์,4/10/2543,คริสต์,โรคหัวใจ,บริหารธุรกิจและเทคโนโลยีสารสนเทศ,มัลติมีเดีย,145886712980-2,2567
oaychna.khn@rmutto.ac.th,Cs12345678,506024877079-4,อัญชนา,คงเดช,6/4/2549,คริสต์,ความดันโลหิตสูง,บริหารธุรกิจและเทคโนโลยีสารสนเทศ,มัลติมีเดีย,783985492737-8,2566
ointhira.thn@rmutto.ac.th,Cs12345678,618712974726-3,อินทิรา,ธนกุล,23-07-2543,อิสลาม,โรคเบาหวาน,บริหารธุรกิจและเทคโนโลยีสารสนเทศ,มัลติมีเดีย,977401290890-6,2566
jintphr.phu@rmutto.ac.th,Cs12345678,469821973580-2,จินตพร,ภูมิพงษ์,28-09-2543,ไม่ระบุ,ความดันโลหิตสูง,บริหารธุรกิจและเทคโนโลยีสารสนเทศ,มัลติมีเดีย,588178009352-2,2565
suwika.sun@rmutto.ac.th,Cs12345678,639383780647-0,สุวิกา,สุนทร,4/8/2549,ไม่ระบุ,,บริหารธุรกิจและเทคโนโลยีสารสนเทศ,มัลติมีเดีย,783985492737-8,2567
oaychna.sup@rmutto.ac.th,Cs12345678,525472224046-6,อัญชนา,ศุภชัย,15-03-2543,พุทธ,โรคเบาหวาน,บริหารธุรกิจและเทคโนโลยีสารสนเทศ,มัลติมีเดีย,588178009352-2,2566
siththichay.wrp@rmutto.ac.th,Cs12345678,832222808127-3,สิทธิชัย,วรพัฒน์,17-12-2544,อิสลาม,,บริหารธุรกิจและเทคโนโลยีสารสนเทศ,มัลติมีเดีย,977401290890-6,2565
oaychli.oak@rmutto.ac.th,Cs12345678,750451972962-5,อัญชลี,อัครพล,8/1/2545,อิสลาม,ความดันโลหิตสูง,บริหารธุรกิจและเทคโนโลยีสารสนเทศ,มัลติมีเดีย,783985492737-8,2565
wrphan.kml@rmutto.ac.th,Cs12345678,624655780731-0,วรพัฒน์,กมลวัฒน์,5/11/2548,ไม่ระบุ,โรคเบาหวาน,บริหารธุรกิจและเทคโนโลยีสารสนเทศ,มัลติมีเดีย,722908383143-0,2567
thnkr.pha@rmutto.ac.th,Cs12345678,195304394203-1,ธนกร,ภานุพงษ์,17-08-2548,ไม่ระบุ,ปัญหาการได้ยิน,บริหารธุรกิจและเทคโนโลยีสารสนเทศ,มัลติมีเดีย,783985492737-8,2566
suriphr.sup@rmutto.ac.th,Cs12345678,761566703169-8,สุรีภร,ศุภพงษ์,8/6/2549,อิสลาม,ภูมิแพ้,บริหารธุรกิจและเทคโนโลยีสารสนเทศ,มัลติมีเดีย,783985492737-8,2565
oisra.cha@rmutto.ac.th,Cs12345678,895271463770-4,อิศรา,ชัยวัฒนา,5/3/2548,ไม่ระบุ,,บริหารธุรกิจและเทคโนโลยีสารสนเทศ,มัลติมีเดีย,145886712980-2,2566
chyphl.phk@rmutto.ac.th,Cs12345678,877420221907-5,ชยพล,พฤกษ์ทวี,18-06-2547,คริสต์,,บริหารธุรกิจและเทคโนโลยีสารสนเทศ,มัลติมีเดีย,977401290890-6,2567
nthi.kml@rmutto.ac.th,Cs12345678,565833101931-8,นที,กมลวัฒน์,15-01-2546,ไม่ระบุ,ภูมิแพ้,บริหารธุรกิจและเทคโนโลยีสารสนเทศ,มัลติมีเดีย,145886712980-2,2565
suphrda.nph@rmutto.ac.th,Cs12345678,153025566174-8,ศุภรดา,นฤพนธ์,26-12-2544,อิสลาม,โรคหัวใจ,บริหารธุรกิจและเทคโนโลยีสารสนเทศ,มัลติมีเดีย,783985492737-8,2567
suthasini.wrc@rmutto.ac.th,Cs12345678,402452957304-6,สุธาสินี,วรชาติ,24-07-2544,พุทธ,โรคเบาหวาน,บริหารธุรกิจและเทคโนโลยีสารสนเทศ,มัลติมีเดีย,145886712980-2,2566
bdinthr.oph@rmutto.ac.th,Cs12345678,186906640242-6,บดินทร์,อภิชัย,13-10-2546,คริสต์,ไมเกรน,บริหารธุรกิจและเทคโนโลยีสารสนเทศ,มัลติมีเดีย,145886712980-2,2566
jintphr.jak@rmutto.ac.th,Cs12345678,221700687678-5,จินตพร,จักรินทร์,22-05-2544,อิสลาม,ภูมิแพ้,บริหารธุรกิจและเทคโนโลยีสารสนเทศ,มัลติมีเดีย,722908383143-0,2567
suphin.thr@rmutto.ac.th,Cs12345678,558127506537-9,สุพิน,ทรัพย์สิน,12/12/2545,พุทธ,โรคหัวใจ,บริหารธุรกิจและเทคโนโลยีสารสนเทศ,มัลติมีเดีย,588178009352-2,2567
wilasini.pha@rmutto.ac.th,Cs12345678,784689183316-8,วิลาสินี,ภัทรพงษ์,3/11/2545,ไม่ระบุ,ปัญหาการได้ยิน,บริหารธุรกิจและเทคโนโลยีสารสนเทศ,มัลติมีเดีย,722908383143-0,2565
jintphr.sth@rmutto.ac.th,Cs12345678,543454242512-9,จินตพร,สถิตย์,4/1/2549,อิสลาม,โรคเบาหวาน,บริหารธุรกิจและเทคโนโลยีสารสนเทศ,มัลติมีเดีย,977401290890-6,2565
sunthri.sit@rmutto.ac.th,Cs12345678,723575835744-6,สุนทรี,สิทธิชัย,1/7/2547,ไม่ระบุ,ปัญหาการมองเห็น,บริหารธุรกิจและเทคโนโลยีสารสนเทศ,มัลติมีเดีย,588178009352-2,2567
eokrach.cha@rmutto.ac.th,Cs12345678,507418768157-4,เอกราช,ชำนาญ,13-08-2544,พุทธ,โรคหัวใจ,บริหารธุรกิจและเทคโนโลยีสารสนเทศ,มัลติมีเดีย,783985492737-8,2566
nphdl.wre@rmutto.ac.th,Cs12345678,380753125568-4,นพดล,วรเวช,1/4/2547,คริสต์,โรคเบาหวาน,บริหารธุรกิจและเทคโนโลยีสารสนเทศ,มัลติมีเดีย,722908383143-0,2565
suriyphr.thi@rmutto.ac.th,Cs12345678,107923812149-2,สุรีย์พร,ธีรพงศ์,4/3/2548,อิสลาม,โรคหัวใจ,บริหารธุรกิจและเทคโนโลยีสารสนเทศ,มัลติมีเดีย,722908383143-0,2567
phachrnanth.phi@rmutto.ac.th,Cs12345678,615154238417-6,พัชรนันท์,พีรพล,22-11-2548,อิสลาม,ความดันโลหิตสูง,บริหารธุรกิจและเทคโนโลยีสารสนเทศ,มัลติมีเดีย,588178009352-2,2566
chutima.piy@rmutto.ac.th,Cs12345678,897453477987-0,ชุติมา,ปิยวัฒน์,5/10/2547,พุทธ,ปัญหาการมองเห็น,บริหารธุรกิจและเทคโนโลยีสารสนเทศ,มัลติมีเดีย,783985492737-8,2565
santi.cha@rmutto.ac.th,Cs12345678,767462429206-1,สันติ,ฉัตรชัย,21-05-2545,ไม่ระบุ,โรคเบาหวาน,บริหารธุรกิจและเทคโนโลยีสารสนเทศ,มัลติมีเดีย,145886712980-2,2567
kittichay.san@rmutto.ac.th,Cs12345678,514117394942-2,กิตติชัย,สันติวงศ์,23-11-2543,คริสต์,โรคเบาหวาน,บริหารธุรกิจและเทคโนโลยีสารสนเทศ,มัลติมีเดีย,722908383143-0,2565
oakhrphl.wrw@rmutto.ac.th,Cs12345678,837834634501-2,อัครพล,วรวิทย์,26-12-2546,ไม่ระบุ,,บริหารธุรกิจและเทคโนโลยีสารสนเทศ,มัลติมีเดีย,783985492737-8,2566
aphngs.pri@rmutto.ac.th,Cs12345678,986464587933-0,ณัฐพงษ์,ปรีชา,28-04-2548,ไม่ระบุ,,บริหารธุรกิจและเทคโนโลยีสารสนเทศ,มัลติมีเดีย,588178009352-2,2566
kongphph.wre@rmutto.ac.th,Cs12345678,777202528812-1,ก้องภพ,วรเวช,11/12/2548,คริสต์,ปัญหาการได้ยิน,บริหารธุรกิจและเทคโนโลยีสารสนเทศ,มัลติมีเดีย,722908383143-0,2566
wrphngs.buy@rmutto.ac.th,Cs12345678,891537512594-2,วรพงศ์,บุญมี,28-07-2544,ไม่ระบุ,ไมเกรน,บริหารธุรกิจและเทคโนโลยีสารสนเทศ,มัลติมีเดีย,588178009352-2,2566
nitiphngs.oph@rmutto.ac.th,Cs12345678,334563967214-2,นิติพงษ์,อภิชัย,6/9/2547,พุทธ,ภูมิแพ้,บริหารธุรกิจและเทคโนโลยีสารสนเทศ,มัลติมีเดีย,783985492737-8,2567
ktys.phr@rmutto.ac.th,Cs12345678,440330267370-8,กฤตยศ,พรเทพ,20-03-2549,ไม่ระบุ,ไมเกรน,บริหารธุรกิจและเทคโนโลยีสารสนเทศ,มัลติมีเดีย,588178009352-2,2567
wremth.wik@rmutto.ac.th,Cs12345678,228287243506-0,วรเมธ,วิกรม,25-03-2543,คริสต์,,บริหารธุรกิจและเทคโนโลยีสารสนเทศ,มัลติมีเดีย,588178009352-2,2566
phiphan.sit@rmutto.ac.th,Cs12345678,429971413540-0,พิพัฒน์,สิทธิพงษ์,21-12-2545,พุทธ,ปัญหาการได้ยิน,บริหารธุรกิจและเทคโนโลยีสารสนเทศ,มัลติมีเดีย,722908383143-0,2566
wichit.thr@rmutto.ac.th,Cs12345678,272263599442-7,วิชิต,ทรัพย์สิน,24-02-2547,ไม่ระบุ,,บริหารธุรกิจและเทคโนโลยีสารสนเทศ,มัลติมีเดีย,722908383143-0,2567
priyya.oph@rmutto.ac.th,Cs12345678,368069976478-9,ปริญญา,อภิชาติ,24-08-2549,ไม่ระบุ,โรคหอบหืด,บริหารธุรกิจและเทคโนโลยีสารสนเทศ,มัลติมีเดีย,722908383143-0,2567
mngkhl.thw@rmutto.ac.th,Cs12345678,147704735662-5,มงคล,ทวีวงศ์,27-08-2544,คริสต์,ความดันโลหิตสูง,บริหารธุรกิจและเทคโนโลยีสารสนเทศ,มัลติมีเดีย,783985492737-8,2565
phimphaij.thn@rmutto.ac.th,Cs12345678,261698980095-6,พิมพ์ใจ,ธนกฤต,13-01-2543,พุทธ,โรคหอบหืด,บริหารธุรกิจและเทคโนโลยีสารสนเทศ,มัลติมีเดีย,145886712980-2,2566
jindamiratn.sup@rmutto.ac.th,Cs12345678,989079670935-5,จินดามณีรัตน์,สุภัทร,10/11/2544,ไม่ระบุ,,บริหารธุรกิจและเทคโนโลยีสารสนเทศ,มัลติมีเดีย,783985492737-8,2566
jindaphr.thw@rmutto.ac.th,Cs12345678,158785366767-3,จินดาภร,ทวีวงศ์,9/12/2545,คริสต์,ภูมิแพ้,บริหารธุรกิจและเทคโนโลยีสารสนเทศ,มัลติมีเดีย,722908383143-0,2565
jaruratn.thn@rmutto.ac.th,Cs12345678,870767724054-1,จารุรัตน์,ธนกุล,24-12-2547,คริสต์,โรคเบาหวาน,บริหารธุรกิจและเทคโนโลยีสารสนเทศ,ระบบสารสนเทศทางคอมพิวเตอร์-คอมพิวเตอร์ธุรกิจ,310632951917-6,2565
wilasini.sup@rmutto.ac.th,Cs12345678,782120884338-5,วิลาสินี,ศุภชัย,6/12/2547,พุทธ,โรคเบาหวาน,บริหารธุรกิจและเทคโนโลยีสารสนเทศ,ระบบสารสนเทศทางคอมพิวเตอร์-คอมพิวเตอร์ธุรกิจ,270944691580-8,2566
oiththiphngs.phu@rmutto.ac.th,Cs12345678,500207823218-8,อิทธิพงษ์,ภูวดล,20-01-2549,ไม่ระบุ,ความดันโลหิตสูง,บริหารธุรกิจและเทคโนโลยีสารสนเทศ,ระบบสารสนเทศทางคอมพิวเตอร์-คอมพิวเตอร์ธุรกิจ,270944691580-8,2567
onucha.onu@rmutto.ac.th,Cs12345678,555054630648-6,อนุชา,อนุชิต,4/7/2547,คริสต์,,บริหารธุรกิจและเทคโนโลยีสารสนเทศ,ระบบสารสนเทศทางคอมพิวเตอร์-คอมพิวเตอร์ธุรกิจ,310632951917-6,2566
wiphawi.pri@rmutto.ac.th,Cs12345678,354310893518-8,วิภาวี,ปริญญ์,12/1/2544,ไม่ระบุ,ภูมิแพ้,บริหารธุรกิจและเทคโนโลยีสารสนเทศ,ระบบสารสนเทศทางคอมพิวเตอร์-คอมพิวเตอร์ธุรกิจ,394068122946-7,2565
rssukhnth.wic@rmutto.ac.th,Cs12345678,725535666087-4,รสสุคนธ์,วิชชุวัฒน์,2/5/2548,ไม่ระบุ,ภูมิแพ้,บริหารธุรกิจและเทคโนโลยีสารสนเทศ,ระบบสารสนเทศทางคอมพิวเตอร์-คอมพิวเตอร์ธุรกิจ,270944691580-8,2565
oronngkh.khn@rmutto.ac.th,Cs12345678,231388891114-8,อรอนงค์,คงเดช,2/1/2546,ไม่ระบุ,ความดันโลหิตสูง,บริหารธุรกิจและเทคโนโลยีสารสนเทศ,ระบบสารสนเทศทางคอมพิวเตอร์-คอมพิวเตอร์ธุรกิจ,442463001732-2,2567
srawui.phi@rmutto.ac.th,Cs12345678,792237343168-7,ศราวุฒิ,พีรพงษ์,2/1/2546,พุทธ,ไมเกรน,บริหารธุรกิจและเทคโนโลยีสารสนเทศ,ระบบสารสนเทศทางคอมพิวเตอร์-คอมพิวเตอร์ธุรกิจ,310632951917-6,2565
priyya.oak@rmutto.ac.th,Cs12345678,185001349383-7,ปริญญา,อัครวัฒน์,7/6/2546,คริสต์,โรคหอบหืด,บริหารธุรกิจและเทคโนโลยีสารสนเทศ,ระบบสารสนเทศทางคอมพิวเตอร์-คอมพิวเตอร์ธุรกิจ,270944691580-8,2567
wilasini.pha@rmutto.ac.th,Cs12345678,821130294466-8,วิลาสินี,ภานุพงศ์,15-01-2547,ไม่ระบุ,ปัญหาการได้ยิน,บริหารธุรกิจและเทคโนโลยีสารสนเทศ,ระบบสารสนเทศทางคอมพิวเตอร์-คอมพิวเตอร์ธุรกิจ,324668104053-7,2567
jiraphr.jak@rmutto.ac.th,Cs12345678,997364932596-7,จิราภรณ์,จักรินทร์,15-08-2544,คริสต์,,บริหารธุรกิจและเทคโนโลยีสารสนเทศ,ระบบสารสนเทศทางคอมพิวเตอร์-คอมพิวเตอร์ธุรกิจ,310632951917-6,2567
pmphph.wre@rmutto.ac.th,Cs12345678,671454897639-4,ปฐมภพ,วรเมธ,17-11-2549,อิสลาม,โรคหอบหืด,บริหารธุรกิจและเทคโนโลยีสารสนเทศ,ระบบสารสนเทศทางคอมพิวเตอร์-คอมพิวเตอร์ธุรกิจ,442463001732-2,2565
wrphl.thn@rmutto.ac.th,Cs12345678,958524551220-1,วรพล,ธนวัฒน์,11/5/2545,คริสต์,ความดันโลหิตสูง,บริหารธุรกิจและเทคโนโลยีสารสนเทศ,ระบบสารสนเทศทางคอมพิวเตอร์-คอมพิวเตอร์ธุรกิจ,442463001732-2,2567
oronngkh.pha@rmutto.ac.th,Cs12345678,344214168905-2,อรอนงค์,ภัทรเดช,20-05-2544,พุทธ,ไมเกรน,บริหารธุรกิจและเทคโนโลยีสารสนเทศ,ระบบสารสนเทศทางคอมพิวเตอร์-คอมพิวเตอร์ธุรกิจ,324668104053-7,2565
thiredch.sak@rmutto.ac.th,Cs12345678,859349500504-6,ธีรเดช,ศักดากร,14-04-2549,พุทธ,ปัญหาการมองเห็น,บริหารธุรกิจและเทคโนโลยีสารสนเทศ,ระบบสารสนเทศทางคอมพิวเตอร์-คอมพิวเตอร์ธุรกิจ,442463001732-2,2565
phanuphngs.sup@rmutto.ac.th,Cs12345678,205287397091-1,ภานุพงษ์,ศุภพงษ์,1/2/2549,คริสต์,,บริหารธุรกิจและเทคโนโลยีสารสนเทศ,ระบบสารสนเทศทางคอมพิวเตอร์-คอมพิวเตอร์ธุรกิจ,310632951917-6,2566
wiphawi.phn@rmutto.ac.th,Cs12345678,365989449221-4,วิภาวี,พงศกร,28-02-2548,พุทธ,,บริหารธุรกิจและเทคโนโลยีสารสนเทศ,ระบบสารสนเทศทางคอมพิวเตอร์-คอมพิวเตอร์ธุรกิจ,442463001732-2,2565
phirphl.phu@rmutto.ac.th,Cs12345678,578773980276-6,พีรพล,ภูวดล,8/4/2546,ไม่ระบุ,,บริหารธุรกิจและเทคโนโลยีสารสนเทศ,ระบบสารสนเทศทางคอมพิวเตอร์-คอมพิวเตอร์ธุรกิจ,310632951917-6,2565
suwarinthr.oph@rmutto.ac.th,Cs12345678,431774454250-2,สุวารินทร์,อภิพงษ์,15-02-2545,พุทธ,ปัญหาการมองเห็น,บริหารธุรกิจและเทคโนโลยีสารสนเทศ,ระบบสารสนเทศทางคอมพิวเตอร์-คอมพิวเตอร์ธุรกิจ,324668104053-7,2567
wrayya.kit@rmutto.ac.th,Cs12345678,671158553859-8,วรัญญา,กิตติพงษ์,9/7/2543,อิสลาม,,บริหารธุรกิจและเทคโนโลยีสารสนเทศ,ระบบสารสนเทศทางคอมพิวเตอร์-คอมพิวเตอร์ธุรกิจ,324668104053-7,2567
pmphph.oph@rmutto.ac.th,Cs12345678,879209651203-2,ปฐมภพ,อภิชาติ,22-02-2547,พุทธ,โรคหัวใจ,บริหารธุรกิจและเทคโนโลยีสารสนเทศ,ระบบสารสนเทศทางคอมพิวเตอร์-คอมพิวเตอร์ธุรกิจ,270944691580-8,2565
suphchay.kit@rmutto.ac.th,Cs12345678,249015479242-1,ศุภชัย,กิตติศักดิ์,11/3/2543,พุทธ,โรคเบาหวาน,บริหารธุรกิจและเทคโนโลยีสารสนเทศ,ระบบสารสนเทศทางคอมพิวเตอร์-คอมพิวเตอร์ธุรกิจ,270944691580-8,2566
ktys.chw@rmutto.ac.th,Cs12345678,365267243691-2,กฤตยศ,ชวลิต,14-02-2545,อิสลาม,,บริหารธุรกิจและเทคโนโลยีสารสนเทศ,ระบบสารสนเทศทางคอมพิวเตอร์-คอมพิวเตอร์ธุรกิจ,270944691580-8,2566
suwdi.phn@rmutto.ac.th,Cs12345678,612385404847-7,สุวดี,พงศกร,24-12-2547,คริสต์,ปัญหาการมองเห็น,บริหารธุรกิจและเทคโนโลยีสารสนเทศ,ระบบสารสนเทศทางคอมพิวเตอร์-คอมพิวเตอร์ธุรกิจ,310632951917-6,2567
ophirdi.thn@rmutto.ac.th,Cs12345678,541052914890-1,อภิรดี,ธนวัฒน์,5/12/2546,พุทธ,โรคเบาหวาน,บริหารธุรกิจและเทคโนโลยีสารสนเทศ,ระบบสารสนเทศทางคอมพิวเตอร์-คอมพิวเตอร์ธุรกิจ,270944691580-8,2567
ks.cha@rmutto.ac.th,Cs12345678,417512836699-8,กฤษณ์,ชัยวัฒนา,17-01-2548,พุทธ,,บริหารธุรกิจและเทคโนโลยีสารสนเทศ,ระบบสารสนเทศทางคอมพิวเตอร์-คอมพิวเตอร์ธุรกิจ,442463001732-2,2567
thirphan.sir@rmutto.ac.th,Cs12345678,202082173478-2,ธีรพัฒน์,ศิริชัย,6/4/2547,คริสต์,,บริหารธุรกิจและเทคโนโลยีสารสนเทศ,ระบบสารสนเทศทางคอมพิวเตอร์-คอมพิวเตอร์ธุรกิจ,324668104053-7,2567
nthi.phn@rmutto.ac.th,Cs12345678,233508378139-0,นที,พงศ์ธร,13-11-2543,ไม่ระบุ,,บริหารธุรกิจและเทคโนโลยีสารสนเทศ,ระบบสารสนเทศทางคอมพิวเตอร์-คอมพิวเตอร์ธุรกิจ,270944691580-8,2565
pwia.puw@rmutto.ac.th,Cs12345678,490033485299-5,ปวีณา,ปุณณวิช,9/6/2544,คริสต์,ไมเกรน,บริหารธุรกิจและเทคโนโลยีสารสนเทศ,ระบบสารสนเทศทางคอมพิวเตอร์-คอมพิวเตอร์ธุรกิจ,270944691580-8,2565
srawuth.wre@rmutto.ac.th,Cs12345678,137070418239-1,ศราวุธ,วรเกียรติ,15-05-2545,ไม่ระบุ,ปัญหาการมองเห็น,บริหารธุรกิจและเทคโนโลยีสารสนเทศ,ระบบสารสนเทศทางคอมพิวเตอร์-คอมพิวเตอร์ธุรกิจ,310632951917-6,2565
piywan.buy@rmutto.ac.th,Cs12345678,689690303085-5,ปิยวัฒน์,บุญญฤทธิ์,2/7/2549,พุทธ,ปัญหาการมองเห็น,บริหารธุรกิจและเทคโนโลยีสารสนเทศ,ระบบสารสนเทศทางคอมพิวเตอร์-คอมพิวเตอร์ธุรกิจ,324668104053-7,2565
suphaphr.kit@rmutto.ac.th,Cs12345678,530775336539-0,สุภาพร,กิตติพงษ์,21-10-2545,คริสต์,โรคหอบหืด,บริหารธุรกิจและเทคโนโลยีสารสนเทศ,ระบบสารสนเทศทางคอมพิวเตอร์-คอมพิวเตอร์ธุรกิจ,394068122946-7,2566
thnkt.jtu@rmutto.ac.th,Cs12345678,545700936266-5,ธนกฤต,จตุพร,8/4/2547,ไม่ระบุ,,บริหารธุรกิจและเทคโนโลยีสารสนเทศ,ระบบสารสนเทศทางคอมพิวเตอร์-คอมพิวเตอร์ธุรกิจ,442463001732-2,2566
thipkr.suw@rmutto.ac.th,Cs12345678,179977746748-7,ทีปกร,สุวรรณชัย,26-03-2547,ไม่ระบุ,ปัญหาการมองเห็น,บริหารธุรกิจและเทคโนโลยีสารสนเทศ,ระบบสารสนเทศทางคอมพิวเตอร์-คอมพิวเตอร์ธุรกิจ,270944691580-8,2566
jiraphr.cha@rmutto.ac.th,Cs12345678,903663958825-8,จิราภรณ์,ชำนาญ,21-07-2544,พุทธ,โรคหอบหืด,บริหารธุรกิจและเทคโนโลยีสารสนเทศ,ระบบสารสนเทศทางคอมพิวเตอร์-คอมพิวเตอร์ธุรกิจ,310632951917-6,2566
phirphl.thn@rmutto.ac.th,Cs12345678,962415377048-9,พีรพล,ธนกฤต,17-04-2546,ไม่ระบุ,,บริหารธุรกิจและเทคโนโลยีสารสนเทศ,ระบบสารสนเทศทางคอมพิวเตอร์-คอมพิวเตอร์ธุรกิจ,324668104053-7,2567
phirphl.pay@rmutto.ac.th,Cs12345678,969604396904-5,พีรพล,ปัญญา,15-05-2545,อิสลาม,ไมเกรน,บริหารธุรกิจและเทคโนโลยีสารสนเทศ,ระบบสารสนเทศทางคอมพิวเตอร์-คอมพิวเตอร์ธุรกิจ,270944691580-8,2565
phrethph.eok@rmutto.ac.th,Cs12345678,628495421053-9,พรเทพ,เอกราช,24-06-2548,ไม่ระบุ,โรคเบาหวาน,บริหารธุรกิจและเทคโนโลยีสารสนเทศ,ระบบสารสนเทศทางคอมพิวเตอร์-คอมพิวเตอร์ธุรกิจ,442463001732-2,2566
jindaratn.phn@rmutto.ac.th,Cs12345678,686824497357-1,จินดารัตน์,พงศกร,1/9/2548,พุทธ,โรคเบาหวาน,บริหารธุรกิจและเทคโนโลยีสารสนเทศ,ระบบสารสนเทศทางคอมพิวเตอร์-คอมพิวเตอร์ธุรกิจ,442463001732-2,2566
sumitra.wrw@rmutto.ac.th,Cs12345678,623164483274-7,สุมิตรา,วรวิทย์,26-06-2548,พุทธ,ปัญหาการมองเห็น,บริหารธุรกิจและเทคโนโลยีสารสนเทศ,ระบบสารสนเทศทางคอมพิวเตอร์-คอมพิวเตอร์ธุรกิจ,310632951917-6,2566
phirphan.thn@rmutto.ac.th,Cs12345678,821001568893-7,พีรพัฒน์,ธนกฤต,13-04-2545,พุทธ,โรคหอบหืด,บริหารธุรกิจและเทคโนโลยีสารสนเทศ,ระบบสารสนเทศทางคอมพิวเตอร์-คอมพิวเตอร์ธุรกิจ,394068122946-7,2566
suphaphr.sak@rmutto.ac.th,Cs12345678,176987211061-1,สุภาพร,ศักดากร,24-01-2543,คริสต์,,บริหารธุรกิจและเทคโนโลยีสารสนเทศ,ระบบสารสนเทศทางคอมพิวเตอร์-คอมพิวเตอร์ธุรกิจ,394068122946-7,2567
jindamiratn.thi@rmutto.ac.th,Cs12345678,427184366360-3,จินดามณีรัตน์,ธีรพงศ์,3/4/2546,พุทธ,,บริหารธุรกิจและเทคโนโลยีสารสนเทศ,ระบบสารสนเทศทางคอมพิวเตอร์-คอมพิวเตอร์ธุรกิจ,442463001732-2,2566
ophisra.pri@rmutto.ac.th,Cs12345678,100059345533-1,อภิสรา,ปริญญา,4/9/2544,อิสลาม,ภูมิแพ้,บริหารธุรกิจและเทคโนโลยีสารสนเทศ,ระบบสารสนเทศทางคอมพิวเตอร์-คอมพิวเตอร์ธุรกิจ,324668104053-7,2566
kwin.thw@rmutto.ac.th,Cs12345678,653649317366-8,กวิน,ทวีโชติ,9/1/2545,อิสลาม,,บริหารธุรกิจและเทคโนโลยีสารสนเทศ,ระบบสารสนเทศทางคอมพิวเตอร์-คอมพิวเตอร์ธุรกิจ,270944691580-8,2565
onucha.sir@rmutto.ac.th,Cs12345678,511139273890-6,อนุชา,ศิริชัย,4/4/2543,พุทธ,ปัญหาการมองเห็น,บริหารธุรกิจและเทคโนโลยีสารสนเทศ,ระบบสารสนเทศทางคอมพิวเตอร์-คอมพิวเตอร์ธุรกิจ,394068122946-7,2567
kongphph.khu@rmutto.ac.th,Cs12345678,203423434616-7,ก้องภพ,คุ้มวงศ์,12/10/2546,อิสลาม,โรคเบาหวาน,บริหารธุรกิจและเทคโนโลยีสารสนเทศ,ระบบสารสนเทศทางคอมพิวเตอร์-คอมพิวเตอร์ธุรกิจ,324668104053-7,2565
suphawdi.oak@rmutto.ac.th,Cs12345678,145724651615-0,สุภาวดี,อัครพล,27-04-2545,คริสต์,โรคหอบหืด,บริหารธุรกิจและเทคโนโลยีสารสนเทศ,ระบบสารสนเทศทางคอมพิวเตอร์-คอมพิวเตอร์ธุรกิจ,310632951917-6,2565
wrakr.kml@rmutto.ac.th,Cs12345678,612980918275-9,วรากร,กมลวัฒน์,18-09-2545,พุทธ,,บริหารธุรกิจและเทคโนโลยีสารสนเทศ,ระบบสารสนเทศทางคอมพิวเตอร์-คอมพิวเตอร์ธุรกิจ,324668104053-7,2567
suwrri.thr@rmutto.ac.th,Cs12345678,130110774024-6,สุวรรณี,ทรัพย์สิน,17-03-2545,พุทธ,โรคหัวใจ,บริหารธุรกิจและเทคโนโลยีสารสนเทศ,ระบบสารสนเทศทางคอมพิวเตอร์-คอมพิวเตอร์ธุรกิจ,442463001732-2,2567
phirphl.sud@rmutto.ac.th,Cs12345678,819585501053-0,พีรพล,สุดใจ,27-12-2543,อิสลาม,โรคหอบหืด,บริหารธุรกิจและเทคโนโลยีสารสนเทศ,ระบบสารสนเทศทางคอมพิวเตอร์-คอมพิวเตอร์ธุรกิจ,394068122946-7,2567
pithan.wrw@rmutto.ac.th,Cs12345678,151833144821-8,ปณิธาน,วรวิทย์,12/11/2547,พุทธ,,บริหารธุรกิจและเทคโนโลยีสารสนเทศ,ระบบสารสนเทศทางคอมพิวเตอร์-คอมพิวเตอร์ธุรกิจ,270944691580-8,2567
wrphph.phu@rmutto.ac.th,Cs12345678,615193504701-6,วรภพ,พูนสิน,26-03-2546,ไม่ระบุ,โรคหอบหืด,บริหารธุรกิจและเทคโนโลยีสารสนเทศ,ระบบสารสนเทศทางคอมพิวเตอร์-คอมพิวเตอร์ธุรกิจ,442463001732-2,2565
phathrsuda.tho@rmutto.ac.th,Cs12345678,482479665628-7,ภัทรสุดา,ทองคำ,3/7/2549,คริสต์,ไมเกรน,บริหารธุรกิจและเทคโนโลยีสารสนเทศ,ระบบสารสนเทศทางคอมพิวเตอร์-คอมพิวเตอร์ธุรกิจ,442463001732-2,2565
wiphawi.thn@rmutto.ac.th,Cs12345678,781827946052-1,วิภาวี,ธนกฤต,13-11-2547,คริสต์,ภูมิแพ้,บริหารธุรกิจและเทคโนโลยีสารสนเทศ,ระบบสารสนเทศทางคอมพิวเตอร์-คอมพิวเตอร์ธุรกิจ ,881928226074-1,2567
phachrapha.pha@rmutto.ac.th,Cs12345678,400720692043-3,พัชราภา,ภานุพงษ์,5/7/2544,พุทธ,,บริหารธุรกิจและเทคโนโลยีสารสนเทศ,ระบบสารสนเทศทางคอมพิวเตอร์-คอมพิวเตอร์ธุรกิจ ,881928226074-1,2565
sirichay.thn@rmutto.ac.th,Cs12345678,112218217160-9,ศิริชัย,ธนกร,12/5/2543,คริสต์,โรคหอบหืด,บริหารธุรกิจและเทคโนโลยีสารสนเทศ,ระบบสารสนเทศทางคอมพิวเตอร์-คอมพิวเตอร์ธุรกิจ ,722268739363-3,2567
kant.pri@rmutto.ac.th,Cs12345678,130793875004-6,กานต์,ปริญญา,3/3/2548,คริสต์,ปัญหาการมองเห็น,บริหารธุรกิจและเทคโนโลยีสารสนเทศ,ระบบสารสนเทศทางคอมพิวเตอร์-คอมพิวเตอร์ธุรกิจ ,881928226074-1,2565
onucha.sur@rmutto.ac.th,Cs12345678,999287499395-2,อนุชา,สุรศักดิ์,9/4/2545,คริสต์,ปัญหาการได้ยิน,บริหารธุรกิจและเทคโนโลยีสารสนเทศ,ระบบสารสนเทศทางคอมพิวเตอร์-คอมพิวเตอร์ธุรกิจ ,442903467591-2,2567
kongekiyrti.tho@rmutto.ac.th,Cs12345678,867274557237-5,ก้องเกียรติ,ทองคำ,18-02-2546,พุทธ,โรคหัวใจ,บริหารธุรกิจและเทคโนโลยีสารสนเทศ,ระบบสารสนเทศทางคอมพิวเตอร์-คอมพิวเตอร์ธุรกิจ ,881928226074-1,2566
suwlaks.sth@rmutto.ac.th,Cs12345678,843810514415-8,สุวลักษณ์,สถิตย์,23-06-2546,คริสต์,ความดันโลหิตสูง,บริหารธุรกิจและเทคโนโลยีสารสนเทศ,ระบบสารสนเทศทางคอมพิวเตอร์-คอมพิวเตอร์ธุรกิจ ,442903467591-2,2566
phakhphumi.pri@rmutto.ac.th,Cs12345678,861409294260-2,ภาคภูมิ,ปรีชา,18-05-2548,ไม่ระบุ,ปัญหาการมองเห็น,บริหารธุรกิจและเทคโนโลยีสารสนเทศ,ระบบสารสนเทศทางคอมพิวเตอร์-คอมพิวเตอร์ธุรกิจ ,950815441310-8,2566
chamnay.phn@rmutto.ac.th,Cs12345678,252725761396-0,ชำนาญ,พงศ์พันธ์,24-03-2546,พุทธ,โรคเบาหวาน,บริหารธุรกิจและเทคโนโลยีสารสนเทศ,ระบบสารสนเทศทางคอมพิวเตอร์-คอมพิวเตอร์ธุรกิจ ,881928226074-1,2567
piywdi.pha@rmutto.ac.th,Cs12345678,672772806816-9,ปิยวดี,ภานุพงษ์,19-02-2546,คริสต์,,บริหารธุรกิจและเทคโนโลยีสารสนเทศ,ระบบสารสนเทศทางคอมพิวเตอร์-คอมพิวเตอร์ธุรกิจ ,442903467591-2,2567
ophisra.pri@rmutto.ac.th,Cs12345678,619930990626-7,อภิสรา,ปริญญา,26-10-2548,คริสต์,ปัญหาการได้ยิน,บริหารธุรกิจและเทคโนโลยีสารสนเทศ,ระบบสารสนเทศทางคอมพิวเตอร์-คอมพิวเตอร์ธุรกิจ ,144123498531-8,2565
kantthida.wrp@rmutto.ac.th,Cs12345678,795198282983-5,กันต์ธิดา,วรพล,9/3/2544,พุทธ,โรคหอบหืด,บริหารธุรกิจและเทคโนโลยีสารสนเทศ,ระบบสารสนเทศทางคอมพิวเตอร์-คอมพิวเตอร์ธุรกิจ ,144123498531-8,2567
oisr.rng@rmutto.ac.th,Cs12345678,752443240709-9,อิศร,ณรงค์ศักดิ์,2/8/2549,พุทธ,ปัญหาการได้ยิน,บริหารธุรกิจและเทคโนโลยีสารสนเทศ,ระบบสารสนเทศทางคอมพิวเตอร์-คอมพิวเตอร์ธุรกิจ ,881928226074-1,2566
darin.phn@rmutto.ac.th,Cs12345678,145488757247-4,ดาริน,พงษ์ศักดิ์,15-12-2547,พุทธ,,บริหารธุรกิจและเทคโนโลยีสารสนเทศ,ระบบสารสนเทศทางคอมพิวเตอร์-คอมพิวเตอร์ธุรกิจ ,950815441310-8,2566
puika.sit@rmutto.ac.th,Cs12345678,672621274017-6,ปุณิกา,สิทธิชัย,7/1/2549,ไม่ระบุ,ปัญหาการมองเห็น,บริหารธุรกิจและเทคโนโลยีสารสนเทศ,ระบบสารสนเทศทางคอมพิวเตอร์-คอมพิวเตอร์ธุรกิจ ,144123498531-8,2567
oaymi.kul@rmutto.ac.th,Cs12345678,879393719899-9,อัญมณี,กุลประเสริฐ,26-01-2543,คริสต์,,บริหารธุรกิจและเทคโนโลยีสารสนเทศ,ระบบสารสนเทศทางคอมพิวเตอร์-คอมพิวเตอร์ธุรกิจ ,722268739363-3,2567
phumiwan.wrw@rmutto.ac.th,Cs12345678,541992674253-4,ภูมิวัฒน์,วรวิชญ์,3/9/2545,คริสต์,โรคเบาหวาน,บริหารธุรกิจและเทคโนโลยีสารสนเทศ,ระบบสารสนเทศทางคอมพิวเตอร์-คอมพิวเตอร์ธุรกิจ ,722268739363-3,2567
suwnanth.kit@rmutto.ac.th,Cs12345678,625518794147-3,สุวนันท์,กิตติพงษ์,21-02-2543,อิสลาม,ไมเกรน,บริหารธุรกิจและเทคโนโลยีสารสนเทศ,ระบบสารสนเทศทางคอมพิวเตอร์-คอมพิวเตอร์ธุรกิจ ,881928226074-1,2565
jintna.sit@rmutto.ac.th,Cs12345678,863851850366-4,จินตนา,สิทธิพงษ์,24-11-2544,พุทธ,ไมเกรน,บริหารธุรกิจและเทคโนโลยีสารสนเทศ,ระบบสารสนเทศทางคอมพิวเตอร์-คอมพิวเตอร์ธุรกิจ ,950815441310-8,2566
onucha.thn@rmutto.ac.th,Cs12345678,694050836734-3,อนุชา,ธนวัฒน์,12/4/2543,ไม่ระบุ,ปัญหาการได้ยิน,บริหารธุรกิจและเทคโนโลยีสารสนเทศ,ระบบสารสนเทศทางคอมพิวเตอร์-คอมพิวเตอร์ธุรกิจ ,950815441310-8,2567
jintpha.sit@rmutto.ac.th,Cs12345678,725963326042-9,จินตภา,สิทธิชัย,3/6/2545,อิสลาม,,บริหารธุรกิจและเทคโนโลยีสารสนเทศ,ระบบสารสนเทศทางคอมพิวเตอร์-คอมพิวเตอร์ธุรกิจ ,722268739363-3,2565
ejsa.sur@rmutto.ac.th,Cs12345678,639503496812-3,เจษฎา,สุริยะ,22-08-2545,คริสต์,ปัญหาการมองเห็น,บริหารธุรกิจและเทคโนโลยีสารสนเทศ,ระบบสารสนเทศทางคอมพิวเตอร์-คอมพิวเตอร์ธุรกิจ ,881928226074-1,2565
sirichay.kit@rmutto.ac.th,Cs12345678,190833210123-5,ศิริชัย,กิตติพงศ์,1/3/2548,ไม่ระบุ,โรคเบาหวาน,บริหารธุรกิจและเทคโนโลยีสารสนเทศ,ระบบสารสนเทศทางคอมพิวเตอร์-คอมพิวเตอร์ธุรกิจ ,722268739363-3,2566
suwicha.pha@rmutto.ac.th,Cs12345678,714785202767-2,สุวิชา,ภานุพงษ์,1/2/2545,ไม่ระบุ,,บริหารธุรกิจและเทคโนโลยีสารสนเทศ,ระบบสารสนเทศทางคอมพิวเตอร์-คอมพิวเตอร์ธุรกิจ ,722268739363-3,2565
nanthna.phu@rmutto.ac.th,Cs12345678,346774450810-1,นันทนา,ภูมิวัฒน์,20-04-2547,อิสลาม,,บริหารธุรกิจและเทคโนโลยีสารสนเทศ,ระบบสารสนเทศทางคอมพิวเตอร์-คอมพิวเตอร์ธุรกิจ ,950815441310-8,2566
smchay.cha@rmutto.ac.th,Cs12345678,188619513165-1,สมชาย,ชัยมงคล,6/2/2548,อิสลาม,ไมเกรน,บริหารธุรกิจและเทคโนโลยีสารสนเทศ,ระบบสารสนเทศทางคอมพิวเตอร์-คอมพิวเตอร์ธุรกิจ ,950815441310-8,2565
ophichay.pri@rmutto.ac.th,Cs12345678,363951147635-8,อภิชัย,ปริญญ์,15-12-2549,พุทธ,ไมเกรน,บริหารธุรกิจและเทคโนโลยีสารสนเทศ,ระบบสารสนเทศทางคอมพิวเตอร์-คอมพิวเตอร์ธุรกิจ ,950815441310-8,2567
pithan.kul@rmutto.ac.th,Cs12345678,956674773638-9,ปณิธาน,กุลประเสริฐ,11/7/2545,คริสต์,โรคหอบหืด,บริหารธุรกิจและเทคโนโลยีสารสนเทศ,ระบบสารสนเทศทางคอมพิวเตอร์-คอมพิวเตอร์ธุรกิจ ,442903467591-2,2565
jiraphr.wre@rmutto.ac.th,Cs12345678,468328100512-4,จิราภรณ์,วรเมธ,15-04-2546,ไม่ระบุ,โรคหอบหืด,บริหารธุรกิจและเทคโนโลยีสารสนเทศ,ระบบสารสนเทศทางคอมพิวเตอร์-คอมพิวเตอร์ธุรกิจ ,722268739363-3,2567
phrethph.thi@rmutto.ac.th,Cs12345678,440877124795-1,พรเทพ,ธีรเดช,27-12-2544,คริสต์,,บริหารธุรกิจและเทคโนโลยีสารสนเทศ,ระบบสารสนเทศทางคอมพิวเตอร์-คอมพิวเตอร์ธุรกิจ ,722268739363-3,2567
pida.suk@rmutto.ac.th,Cs12345678,928933957170-2,ปณิดา,สุขสวัสดิ์,22-08-2544,คริสต์,ปัญหาการมองเห็น,บริหารธุรกิจและเทคโนโลยีสารสนเทศ,ระบบสารสนเทศทางคอมพิวเตอร์-คอมพิวเตอร์ธุรกิจ ,442903467591-2,2567
onucha.thn@rmutto.ac.th,Cs12345678,650767604188-8,อนุชา,ธนากร,18-09-2545,ไม่ระบุ,ปัญหาการมองเห็น,บริหารธุรกิจและเทคโนโลยีสารสนเทศ,ระบบสารสนเทศทางคอมพิวเตอร์-คอมพิวเตอร์ธุรกิจ ,881928226074-1,2566
supha.jit@rmutto.ac.th,Cs12345678,790908161783-7,ศุภณัฐ,จิตต์นที,2/4/2548,คริสต์,,บริหารธุรกิจและเทคโนโลยีสารสนเทศ,ระบบสารสนเทศทางคอมพิวเตอร์-คอมพิวเตอร์ธุรกิจ ,881928226074-1,2566
dnay.sir@rmutto.ac.th,Cs12345678,944158494468-8,ดนัย,สิริวัฒน์,4/2/2549,ไม่ระบุ,,บริหารธุรกิจและเทคโนโลยีสารสนเทศ,ระบบสารสนเทศทางคอมพิวเตอร์-คอมพิวเตอร์ธุรกิจ ,442903467591-2,2565
oiththiphl.mng@rmutto.ac.th,Cs12345678,483715226027-8,อิทธิพล,มงคลศรี,21-09-2546,คริสต์,,บริหารธุรกิจและเทคโนโลยีสารสนเทศ,ระบบสารสนเทศทางคอมพิวเตอร์-คอมพิวเตอร์ธุรกิจ ,950815441310-8,2565
smchay.oak@rmutto.ac.th,Cs12345678,935258698729-1,สมชาย,อัครวัฒน์,9/4/2544,พุทธ,ไมเกรน,บริหารธุรกิจและเทคโนโลยีสารสนเทศ,ระบบสารสนเทศทางคอมพิวเตอร์-คอมพิวเตอร์ธุรกิจ ,442903467591-2,2567
wiail.wic@rmutto.ac.th,Cs12345678,569541360784-7,วิไล,วิชชุวัฒน์,27-03-2544,คริสต์,ไมเกรน,บริหารธุรกิจและเทคโนโลยีสารสนเทศ,ระบบสารสนเทศทางคอมพิวเตอร์-คอมพิวเตอร์ธุรกิจ ,144123498531-8,2566
wremth.phu@rmutto.ac.th,Cs12345678,713727436439-9,วรเมธ,พูนทรัพย์,8/3/2546,ไม่ระบุ,,บริหารธุรกิจและเทคโนโลยีสารสนเทศ,ระบบสารสนเทศทางคอมพิวเตอร์-คอมพิวเตอร์ธุรกิจ ,442903467591-2,2567
oayya.oph@rmutto.ac.th,Cs12345678,607985341532-4,อัญญา,อภิชัย,20-11-2548,ไม่ระบุ,,บริหารธุรกิจและเทคโนโลยีสารสนเทศ,ระบบสารสนเทศทางคอมพิวเตอร์-คอมพิวเตอร์ธุรกิจ ,881928226074-1,2567
suphiyya.onu@rmutto.ac.th,Cs12345678,897916832698-6,สุภิญญา,อนุรักษ์,9/7/2544,คริสต์,ความดันโลหิตสูง,บริหารธุรกิจและเทคโนโลยีสารสนเทศ,ระบบสารสนเทศทางคอมพิวเตอร์-คอมพิวเตอร์ธุรกิจ ,881928226074-1,2565
kittiphan.phu@rmutto.ac.th,Cs12345678,803685727699-5,กิตติพัฒน์,ภูวดล,18-03-2544,คริสต์,,บริหารธุรกิจและเทคโนโลยีสารสนเทศ,ระบบสารสนเทศทางคอมพิวเตอร์-คอมพิวเตอร์ธุรกิจ ,950815441310-8,2566
buysng.phn@rmutto.ac.th,Cs12345678,410515924182-8,บุญส่ง,พงศ์พันธ์,1/9/2546,พุทธ,,บริหารธุรกิจและเทคโนโลยีสารสนเทศ,ระบบสารสนเทศทางคอมพิวเตอร์-คอมพิวเตอร์ธุรกิจ ,950815441310-8,2565
ophiyya.wir@rmutto.ac.th,Cs12345678,652010460192-1,อภิญญา,วีระพงษ์,16-09-2544,ไม่ระบุ,ปัญหาการได้ยิน,บริหารธุรกิจและเทคโนโลยีสารสนเทศ,ระบบสารสนเทศทางคอมพิวเตอร์-คอมพิวเตอร์ธุรกิจ ,881928226074-1,2565
suphiyya.thn@rmutto.ac.th,Cs12345678,915412656917-1,สุภิญญา,ธนากร,21-05-2544,พุทธ,โรคหัวใจ,บริหารธุรกิจและเทคโนโลยีสารสนเทศ,วิทยาการคอมพิวเตอร์,317336807383-5,2565
oaychna.smb@rmutto.ac.th,Cs12345678,915077186392-3,อัญชนา,สมบูรณ์,4/7/2547,ไม่ระบุ,,บริหารธุรกิจและเทคโนโลยีสารสนเทศ,วิทยาการคอมพิวเตอร์,317336807383-5,2567
oronngkh.phu@rmutto.ac.th,Cs12345678,555752698328-0,อรอนงค์,ภูมิพงษ์,14-07-2549,ไม่ระบุ,โรคเบาหวาน,บริหารธุรกิจและเทคโนโลยีสารสนเทศ,วิทยาการคอมพิวเตอร์,625177706970-0,2565
kittiphan.oak@rmutto.ac.th,Cs12345678,591192705853-8,กิตติพัฒน์,อัครพล,5/8/2546,อิสลาม,โรคหอบหืด,บริหารธุรกิจและเทคโนโลยีสารสนเทศ,วิทยาการคอมพิวเตอร์,317336807383-5,2565
oariratn.phn@rmutto.ac.th,Cs12345678,360067218046-1,อารีรัตน์,พงศกร,2/4/2545,อิสลาม,,บริหารธุรกิจและเทคโนโลยีสารสนเทศ,วิทยาการคอมพิวเตอร์,269056064751-7,2567
jindaratn.pay@rmutto.ac.th,Cs12345678,255167277826-1,จินดารัตน์,ปัญญาดี,5/11/2543,อิสลาม,ปัญหาการมองเห็น,บริหารธุรกิจและเทคโนโลยีสารสนเทศ,วิทยาการคอมพิวเตอร์,269056064751-7,2565
ks.wng@rmutto.ac.th,Cs12345678,971225501137-1,กฤษณ์,วงษ์สุวรรณ,7/8/2548,พุทธ,ปัญหาการได้ยิน,บริหารธุรกิจและเทคโนโลยีสารสนเทศ,วิทยาการคอมพิวเตอร์,625177706970-0,2565
sakda.wre@rmutto.ac.th,Cs12345678,239702660177-1,ศักดา,วรเกียรติ,5/12/2546,พุทธ,,บริหารธุรกิจและเทคโนโลยีสารสนเทศ,วิทยาการคอมพิวเตอร์,269056064751-7,2567
wiphawi.phr@rmutto.ac.th,Cs12345678,611897436777-9,วิภาวี,พรชัย,22-07-2543,คริสต์,ไมเกรน,บริหารธุรกิจและเทคโนโลยีสารสนเทศ,วิทยาการคอมพิวเตอร์,650841777744-9,2566
ssithr.san@rmutto.ac.th,Cs12345678,719937480371-5,ศศิธร,สันติวงศ์,2/12/2549,ไม่ระบุ,ภูมิแพ้,บริหารธุรกิจและเทคโนโลยีสารสนเทศ,วิทยาการคอมพิวเตอร์,671757924287-0,2566
jiraphachr.pay@rmutto.ac.th,Cs12345678,808691723916-5,จิราพัชร,ปัญญาวงศ์,19-11-2544,พุทธ,ภูมิแพ้,บริหารธุรกิจและเทคโนโลยีสารสนเทศ,วิทยาการคอมพิวเตอร์,625177706970-0,2566
wichay.pha@rmutto.ac.th,Cs12345678,895862766426-9,วิชาญ,ภักดี,17-06-2549,ไม่ระบุ,ไมเกรน,บริหารธุรกิจและเทคโนโลยีสารสนเทศ,วิทยาการคอมพิวเตอร์,650841777744-9,2565
jintlaks.pri@rmutto.ac.th,Cs12345678,491190853944-7,จินตลักษณ์,ปรีชา,16-05-2544,พุทธ,,บริหารธุรกิจและเทคโนโลยีสารสนเทศ,วิทยาการคอมพิวเตอร์,671757924287-0,2566
